,Season,Team_1,Team_2,T1_COL,T1_DOL,T1_MOR,T1_POM,T1_RTH,T1_SAG,T1_WLK,T1_WOL,T1_Seed,T2_COL,T2_DOL,T2_MOR,T2_POM,T2_RTH,T2_SAG,T2_WLK,T2_WOL,T2_Seed,Result
0,2003,1411,1421,212,239,293,268,256,257,240,246,16,213,258,277,273,250,251,237,220,16,0
1,2003,1112,1436,2,2,4,3,2,2,2,2,1,144,156,187,144,182,158,153,177,16,1
2,2003,1113,1272,38,48,22,32,35,32,34,39,10,19,21,23,20,19,24,21,19,7,1
3,2003,1141,1166,35,37,50,50,55,48,32,49,11,18,18,33,27,22,18,19,17,6,1
4,2003,1143,1301,28,25,43,40,30,40,33,26,8,56,49,31,48,42,46,51,47,9,1
5,2003,1140,1163,23,36,42,26,33,28,25,30,12,30,26,17,23,27,23,26,32,5,0
6,2003,1161,1181,75,91,85,87,81,89,92,76,14,11,9,10,8,4,10,5,9,3,0
7,2003,1153,1211,46,54,39,35,41,42,45,45,8,40,50,54,41,45,39,38,43,9,0
8,2003,1228,1443,15,12,5,5,11,11,10,14,4,53,55,59,52,69,60,53,63,13,1
9,2003,1242,1429,7,11,2,4,5,4,4,12,2,74,89,128,109,112,101,89,95,15,1
10,2003,1221,1266,59,42,105,80,97,68,59,68,14,10,10,18,13,13,14,13,8,3,0
11,2003,1281,1356,24,20,24,24,21,22,24,23,6,31,31,72,57,47,50,44,35,11,1
12,2003,1323,1454,22,17,36,22,18,17,20,18,5,48,51,52,56,57,44,50,48,12,1
13,2003,1328,1354,3,6,6,9,9,8,8,6,1,180,190,238,230,240,231,205,211,16,1
14,2003,1360,1390,91,100,77,82,91,87,80,93,13,17,23,25,30,24,29,28,21,4,0
15,2003,1173,1409,13,15,32,31,23,26,22,15,4,57,79,35,53,59,58,55,61,13,0
16,2003,1451,1458,34,65,100,60,78,59,67,53,12,21,24,15,16,15,19,18,20,5,0
17,2003,1120,1386,44,43,44,45,40,43,47,40,10,27,22,38,18,28,20,16,27,7,1
18,2003,1139,1280,29,28,74,51,44,35,29,29,12,25,19,8,11,16,16,17,22,5,1
19,2003,1196,1358,14,8,7,6,10,7,11,11,2,87,93,169,134,143,138,102,115,15,1
20,2003,1104,1231,43,39,26,33,31,37,36,37,10,39,35,34,46,37,41,37,36,7,0
21,2003,1237,1246,148,139,145,133,157,162,144,155,16,1,1,1,1,1,1,1,1,1,0
22,2003,1122,1257,69,66,151,123,106,103,77,75,13,6,16,14,14,8,6,6,10,4,0
23,2003,1268,1423,37,32,9,19,20,21,27,28,6,58,53,48,47,75,51,41,64,11,1
24,2003,1160,1277,45,38,30,28,38,33,40,41,10,42,45,16,25,29,36,35,38,7,0
25,2003,1329,1335,26,27,29,29,26,25,23,24,6,50,34,83,43,58,49,46,55,11,1
26,2003,1338,1447,5,3,3,2,3,3,3,3,2,123,145,190,188,191,174,148,168,15,1
27,2003,1261,1345,36,30,11,21,25,27,30,31,8,33,40,37,38,32,34,39,34,9,0
28,2003,1264,1393,52,57,88,63,77,69,48,62,14,9,5,21,15,12,12,14,5,3,0
29,2003,1400,1421,4,7,12,7,6,5,7,7,1,213,258,277,273,250,251,237,220,16,1
30,2003,1332,1428,32,29,27,42,36,30,43,33,8,20,33,66,37,34,38,31,25,9,0
31,2003,1190,1448,120,105,149,147,147,133,123,125,15,8,4,20,12,7,9,9,4,2,0
32,2003,1407,1462,66,56,108,69,93,78,57,66,14,16,14,19,17,17,13,15,16,3,0
33,2003,1112,1211,2,2,4,3,2,2,2,2,1,40,50,54,41,45,39,38,43,9,1
34,2003,1163,1390,30,26,17,23,27,23,26,32,5,17,23,25,30,24,29,28,21,4,1
35,2003,1141,1181,35,37,50,50,55,48,32,49,11,11,9,10,8,4,10,5,9,3,0
36,2003,1113,1242,38,48,22,32,35,32,34,39,10,7,11,2,4,5,4,4,12,2,0
37,2003,1266,1281,10,10,18,13,13,14,13,8,3,24,20,24,24,21,22,24,23,6,1
38,2003,1228,1323,15,12,5,5,11,11,10,14,4,22,17,36,22,18,17,20,18,5,0
39,2003,1143,1328,28,25,43,40,30,40,33,26,8,3,6,6,9,9,8,8,6,1,0
40,2003,1409,1458,57,79,35,53,59,58,55,61,13,21,24,15,16,15,19,18,20,5,0
41,2003,1120,1448,44,43,44,45,40,43,47,40,10,8,4,20,12,7,9,9,4,2,1
42,2003,1139,1257,29,28,74,51,44,35,29,29,12,6,16,14,14,8,6,6,10,4,1
43,2003,1246,1428,1,1,1,1,1,1,1,1,1,20,33,66,37,34,38,31,25,9,1
44,2003,1268,1462,37,32,9,19,20,21,27,28,6,16,14,19,17,17,13,15,16,3,1
45,2003,1196,1277,14,8,7,6,10,7,11,11,2,42,45,16,25,29,36,35,38,7,0
46,2003,1231,1338,39,35,34,46,37,41,37,36,7,5,3,3,2,3,3,3,3,2,0
47,2003,1329,1393,26,27,29,29,26,25,23,24,6,9,5,21,15,12,12,14,5,3,0
48,2003,1345,1400,33,40,37,38,32,34,39,34,9,4,7,12,7,6,5,7,7,1,0
49,2003,1112,1323,2,2,4,3,2,2,2,2,1,22,17,36,22,18,17,20,18,5,1
50,2003,1181,1242,11,9,10,8,4,10,5,9,3,7,11,2,4,5,4,4,12,2,0
51,2003,1246,1458,1,1,1,1,1,1,1,1,1,21,24,15,16,15,19,18,20,5,1
52,2003,1266,1338,10,10,18,13,13,14,13,8,3,5,3,3,2,3,3,3,3,2,1
53,2003,1268,1277,37,32,9,19,20,21,27,28,6,42,45,16,25,29,36,35,38,7,0
54,2003,1139,1328,29,28,74,51,44,35,29,29,12,3,6,6,9,9,8,8,6,1,0
55,2003,1120,1393,44,43,44,45,40,43,47,40,10,9,5,21,15,12,12,14,5,3,0
56,2003,1163,1400,30,26,17,23,27,23,26,32,5,4,7,12,7,6,5,7,7,1,0
57,2003,1112,1242,2,2,4,3,2,2,2,2,1,7,11,2,4,5,4,4,12,2,0
58,2003,1246,1266,1,1,1,1,1,1,1,1,1,10,10,18,13,13,14,13,8,3,0
59,2003,1328,1393,3,6,6,9,9,8,8,6,1,9,5,21,15,12,12,14,5,3,0
60,2003,1277,1400,42,45,16,25,29,36,35,38,7,4,7,12,7,6,5,7,7,1,0
61,2003,1242,1266,7,11,2,4,5,4,4,12,2,10,10,18,13,13,14,13,8,3,1
62,2003,1393,1400,9,5,21,15,12,12,14,5,3,4,7,12,7,6,5,7,7,1,1
63,2003,1242,1393,7,11,2,4,5,4,4,12,2,9,5,21,15,12,12,14,5,3,0
64,2004,1197,1250,261,276,255,276,289,287,275,287,16,181,182,212,218,224,222,194,204,16,1
65,2004,1104,1356,39,45,27,34,28,33,36,31,8,22,19,58,45,39,36,31,27,9,1
66,2004,1163,1436,9,10,3,8,10,7,9,8,2,114,118,161,162,166,150,129,135,15,1
67,2004,1173,1177,33,38,56,61,53,56,51,42,10,38,41,44,52,45,47,43,38,7,0
68,2004,1106,1181,241,274,270,278,282,263,254,263,16,2,3,1,1,1,1,2,3,1,0
69,2004,1211,1434,8,4,22,2,5,3,5,9,2,130,131,134,132,141,151,131,143,15,1
70,2004,1196,1264,19,24,18,18,17,19,19,18,5,46,53,70,56,65,57,44,56,12,0
71,2004,1268,1431,23,18,17,16,14,17,18,14,4,44,36,79,43,49,42,48,50,13,1
72,2004,1277,1305,45,52,25,37,41,44,40,47,7,35,35,36,22,44,25,25,52,10,0
73,2004,1102,1314,49,39,61,47,51,43,46,48,11,21,17,11,11,13,13,14,15,6,0
74,2004,1112,1371,36,44,26,33,33,32,33,41,9,28,40,32,28,31,34,37,35,8,0
75,2004,1251,1386,163,190,194,181,199,196,171,192,16,3,1,12,5,2,2,1,4,1,0
76,2004,1390,1427,4,2,7,12,4,6,4,1,1,183,206,213,216,219,233,203,211,16,1
77,2004,1140,1393,40,33,40,31,37,30,32,43,12,15,23,24,27,21,35,26,17,5,0
78,2004,1343,1400,110,90,133,102,132,116,102,119,14,13,12,20,17,15,15,17,11,3,0
79,2004,1150,1403,30,27,45,39,35,31,29,32,9,31,31,31,29,27,26,34,29,8,0
80,2004,1433,1448,59,55,78,82,87,79,52,67,13,17,13,15,13,12,11,15,13,4,0
81,2004,1130,1428,26,28,28,40,29,38,38,25,6,32,32,42,44,40,39,41,37,11,1
82,2004,1153,1190,10,16,13,15,16,14,11,16,4,47,47,93,67,88,73,47,64,13,1
83,2004,1210,1320,12,9,10,10,9,8,8,10,3,66,74,81,80,79,84,72,76,14,1
84,2004,1228,1293,14,15,16,19,20,18,16,20,5,51,51,73,63,73,50,50,61,12,1
85,2004,1227,1242,70,63,63,58,85,80,58,85,13,18,20,14,25,24,23,20,24,4,0
86,2004,1197,1246,261,276,255,276,289,287,275,287,16,1,5,2,4,3,4,3,2,1,0
87,2004,1272,1376,25,25,34,32,30,29,27,26,7,34,29,37,35,23,24,30,23,10,1
88,2004,1280,1284,5,7,8,7,7,9,7,5,2,123,155,215,188,186,181,152,161,15,1
89,2004,1301,1418,16,11,9,6,11,12,12,12,3,76,76,68,60,83,71,59,90,14,1
90,2004,1186,1329,140,126,124,129,144,127,115,150,15,6,6,5,9,8,5,6,7,2,0
91,2004,1334,1344,60,57,90,71,81,72,63,63,12,20,22,23,21,22,22,22,22,5,1
92,2004,1338,1416,7,8,6,3,6,10,10,6,3,62,59,123,98,93,86,67,57,14,1
93,2004,1412,1449,42,50,41,36,38,40,39,44,9,54,58,39,51,55,53,49,55,8,1
94,2004,1435,1444,24,30,29,24,19,21,24,21,6,29,21,30,30,43,28,23,40,11,1
95,2004,1350,1458,53,54,46,38,56,45,42,58,11,11,14,4,14,18,16,13,19,6,0
96,2004,1257,1462,27,34,19,23,25,20,21,28,10,41,37,21,26,42,37,28,45,7,0
97,2004,1104,1390,39,45,27,34,28,33,36,31,8,4,2,7,12,4,6,4,1,1,1
98,2004,1163,1177,9,10,3,8,10,7,9,8,2,38,41,44,52,45,47,43,38,7,1
99,2004,1181,1371,2,3,1,1,1,1,2,3,1,28,40,32,28,31,34,37,35,8,1
100,2004,1211,1305,8,4,22,2,5,3,5,9,2,35,35,36,22,44,25,25,52,10,0
101,2004,1386,1403,3,1,12,5,2,2,1,4,1,31,31,31,29,27,26,34,29,8,1
102,2004,1268,1393,23,18,17,16,14,17,18,14,4,15,23,24,27,21,35,26,17,5,0
103,2004,1314,1400,21,17,11,11,13,13,14,15,6,13,12,20,17,15,15,17,11,3,0
104,2004,1264,1448,46,53,70,56,65,57,44,56,12,17,13,15,13,12,11,15,13,4,0
105,2004,1130,1210,26,28,28,40,29,38,38,25,6,12,9,10,10,9,8,8,10,3,0
106,2004,1153,1228,10,16,13,15,16,14,11,16,4,14,15,16,19,20,18,16,20,5,0
107,2004,1242,1334,18,20,14,25,24,23,20,24,4,60,57,90,71,81,72,63,63,12,1
108,2004,1272,1329,25,25,34,32,30,29,27,26,7,6,6,5,9,8,5,6,7,2,0
109,2004,1338,1458,7,8,6,3,6,10,10,6,3,11,14,4,14,18,16,13,19,6,1
110,2004,1246,1412,1,5,2,4,3,4,3,2,1,42,50,41,36,38,40,39,44,9,0
111,2004,1301,1435,16,11,9,6,11,12,12,12,3,24,30,29,24,19,21,24,21,6,0
112,2004,1280,1462,5,7,8,7,7,9,7,5,2,41,37,21,26,42,37,28,45,7,0
113,2004,1104,1393,39,45,27,34,28,33,36,31,8,15,23,24,27,21,35,26,17,5,1
114,2004,1163,1435,9,10,3,8,10,7,9,8,2,24,30,29,24,19,21,24,21,6,1
115,2004,1329,1338,6,6,5,9,8,5,6,7,2,7,8,6,3,6,10,10,6,3,1
116,2004,1386,1448,3,1,12,5,2,2,1,4,1,17,13,15,13,12,11,15,13,4,1
117,2004,1181,1228,2,3,1,1,1,1,2,3,1,14,15,16,19,20,18,16,20,5,1
118,2004,1210,1305,12,9,10,10,9,8,8,10,3,35,35,36,22,44,25,25,52,10,1
119,2004,1242,1412,18,20,14,25,24,23,20,24,4,42,50,41,36,38,40,39,44,9,1
120,2004,1400,1462,13,12,20,17,15,15,17,11,3,41,37,21,26,42,37,28,45,7,0
121,2004,1104,1163,39,45,27,34,28,33,36,31,8,9,10,3,8,10,7,9,8,2,0
122,2004,1329,1386,6,6,5,9,8,5,6,7,2,3,1,12,5,2,2,1,4,1,1
123,2004,1181,1462,2,3,1,1,1,1,2,3,1,41,37,21,26,42,37,28,45,7,1
124,2004,1210,1242,12,9,10,10,9,8,8,10,3,18,20,14,25,24,23,20,24,4,1
125,2004,1163,1181,9,10,3,8,10,7,9,8,2,2,3,1,1,1,1,2,3,1,1
126,2004,1210,1329,12,9,10,10,9,8,8,10,3,6,6,5,9,8,5,6,7,2,1
127,2004,1163,1210,9,10,3,8,10,7,9,8,2,12,9,10,10,9,8,8,10,3,1
128,2005,1105,1324,243,280,279,268,274,287,247,253,16,206,194,176,173,190,186,192,193,16,0
129,2005,1112,1429,7,14,9,15,11,12,10,6,3,61,67,31,26,53,44,37,48,14,1
130,2005,1130,1335,9,10,25,21,15,18,18,7,4,86,79,91,81,112,69,64,86,13,1
131,2005,1153,1234,22,25,24,25,21,23,21,24,7,31,27,28,27,24,26,27,33,10,1
132,2005,1211,1457,12,13,32,16,16,21,13,11,3,75,69,141,94,118,106,90,67,14,1
133,2005,1192,1228,177,183,198,193,211,201,182,182,16,1,1,3,1,1,1,1,1,1,0
134,2005,1184,1246,132,112,174,148,159,144,122,118,15,10,5,14,13,8,8,8,8,2,0
135,2005,1305,1400,27,46,63,47,45,41,43,36,9,38,29,36,34,27,25,35,37,8,1
136,2005,1310,1328,124,115,120,117,150,127,111,137,14,14,11,17,17,12,10,12,14,3,0
137,2005,1334,1338,23,17,67,39,33,27,24,12,8,28,28,21,22,25,29,26,29,9,1
138,2005,1403,1417,26,23,33,36,26,22,30,25,6,30,51,42,46,36,51,40,32,11,1
139,2005,1261,1412,25,31,22,32,30,30,28,35,6,48,57,48,55,54,48,50,50,11,0
140,2005,1428,1431,24,21,27,19,22,24,25,19,6,36,45,51,62,57,52,53,43,11,1
141,2005,1151,1448,134,137,170,165,151,143,131,129,15,6,3,5,5,4,4,4,3,2,0
142,2005,1285,1449,160,167,178,192,177,182,176,170,16,3,6,8,10,5,5,6,4,1,0
143,2005,1166,1452,40,48,46,37,47,45,41,42,10,34,30,30,35,32,38,39,28,7,0
144,2005,1104,1454,20,15,11,18,20,16,16,20,5,45,35,56,42,60,36,38,40,12,0
145,2005,1137,1242,102,87,151,110,137,114,97,84,14,4,8,19,12,7,9,7,10,3,1
146,2005,1163,1416,15,18,7,6,13,13,14,16,2,119,151,184,186,161,169,142,113,15,1
147,2005,1175,1181,162,186,210,199,227,210,172,162,16,5,4,2,3,3,3,3,5,1,0
148,2005,1196,1325,19,20,4,11,18,14,15,21,4,64,70,102,86,89,75,70,61,13,1
149,2005,1203,1210,49,47,29,44,48,40,33,53,12,29,24,16,23,23,20,22,26,5,0
150,2005,1235,1278,51,43,40,45,42,50,57,52,9,32,32,47,31,28,37,36,41,8,1
151,2005,1257,1418,11,9,6,9,9,7,9,15,4,70,76,70,58,82,76,67,62,13,1
152,2005,1277,1330,18,16,10,4,10,11,11,17,5,41,37,77,70,71,53,44,27,12,1
153,2005,1280,1390,37,34,34,41,37,32,29,38,9,39,49,38,38,39,49,42,39,8,1
154,2005,1150,1301,33,38,55,49,40,46,34,34,7,50,36,13,24,29,28,31,45,10,0
155,2005,1314,1324,2,2,1,2,2,2,2,2,1,206,194,176,173,190,186,192,193,16,1
156,2005,1329,1368,8,7,12,7,6,6,5,9,2,133,123,168,131,148,140,118,121,15,1
157,2005,1356,1388,21,26,54,29,34,31,23,23,7,35,42,7,63,50,55,49,30,10,1
158,2005,1393,1436,13,12,18,14,14,15,19,13,4,52,39,107,73,88,43,32,44,13,0
159,2005,1307,1437,43,33,35,28,31,39,48,31,12,16,22,15,8,17,17,17,22,5,0
160,2005,1320,1458,44,53,81,50,52,42,51,47,11,17,19,20,20,19,19,20,18,6,0
161,2005,1112,1412,7,14,9,15,11,12,10,6,3,48,57,48,55,54,48,50,50,11,1
162,2005,1228,1305,1,1,3,1,1,1,1,1,1,27,46,63,47,45,41,43,36,9,1
163,2005,1153,1246,22,25,24,25,21,23,21,24,7,10,5,14,13,8,8,8,8,2,0
164,2005,1211,1403,12,13,32,16,16,21,13,11,3,26,23,33,36,26,22,30,25,6,0
165,2005,1328,1428,14,11,17,17,12,10,12,14,3,24,21,27,19,22,24,25,19,6,0
166,2005,1334,1449,23,17,67,39,33,27,24,12,8,3,6,8,10,5,5,6,4,1,0
167,2005,1448,1452,6,3,5,5,4,4,4,3,2,34,30,30,35,32,38,39,28,7,0
168,2005,1130,1454,9,10,25,21,15,18,18,7,4,45,35,56,42,60,36,38,40,12,0
169,2005,1181,1280,5,4,2,3,3,3,3,5,1,37,34,34,41,37,32,29,38,9,1
170,2005,1210,1257,29,24,16,23,23,20,22,26,5,11,9,6,9,9,7,9,15,4,0
171,2005,1277,1436,18,16,10,4,10,11,11,17,5,52,39,107,73,88,43,32,44,13,1
172,2005,1163,1301,15,18,7,6,13,13,14,16,2,50,36,13,24,29,28,31,45,10,0
173,2005,1235,1314,51,43,40,45,42,50,57,52,9,2,2,1,2,2,2,2,2,1,0
174,2005,1329,1356,8,7,12,7,6,6,5,9,2,21,26,54,29,34,31,23,23,7,1
175,2005,1196,1437,19,20,4,11,18,14,15,21,4,16,22,15,8,17,17,17,22,5,0
176,2005,1137,1458,102,87,151,110,137,114,97,84,14,17,19,20,20,19,19,20,18,6,0
177,2005,1112,1329,7,14,9,15,11,12,10,6,3,8,7,12,7,6,6,5,9,2,1
178,2005,1228,1454,1,1,3,1,1,1,1,1,1,45,35,56,42,60,36,38,40,12,1
179,2005,1257,1449,11,9,6,9,9,7,9,15,4,3,6,8,10,5,5,6,4,1,1
180,2005,1403,1452,26,23,33,36,26,22,30,25,6,34,30,30,35,32,38,39,28,7,0
181,2005,1246,1428,10,5,14,13,8,8,8,8,2,24,21,27,19,22,24,25,19,6,1
182,2005,1181,1277,5,4,2,3,3,3,3,5,1,18,16,10,4,10,11,11,17,5,0
183,2005,1314,1437,2,2,1,2,2,2,2,2,1,16,22,15,8,17,17,17,22,5,1
184,2005,1301,1458,50,36,13,24,29,28,31,45,10,17,19,20,20,19,19,20,18,6,0
185,2005,1112,1228,7,14,9,15,11,12,10,6,3,1,1,3,1,1,1,1,1,1,0
186,2005,1257,1452,11,9,6,9,9,7,9,15,4,34,30,30,35,32,38,39,28,7,1
187,2005,1246,1277,10,5,14,13,8,8,8,8,2,18,16,10,4,10,11,11,17,5,0
188,2005,1314,1458,2,2,1,2,2,2,2,2,1,17,19,20,20,19,19,20,18,6,1
189,2005,1228,1257,1,1,3,1,1,1,1,1,1,11,9,6,9,9,7,9,15,4,1
190,2005,1277,1314,18,16,10,4,10,11,11,17,5,2,2,1,2,2,2,2,2,1,0
191,2005,1228,1314,1,1,3,1,1,1,1,1,1,2,2,1,2,2,2,2,2,1,0
192,2006,1214,1284,257,295,276,261,278,278,257,266,16,170,158,190,194,199,177,164,165,16,0
193,2006,1104,1266,54,61,45,71,48,57,61,57,10,32,35,29,22,34,31,35,35,7,1
194,2006,1130,1334,18,12,15,19,17,17,18,14,4,79,78,74,89,109,79,82,99,13,1
195,2006,1181,1380,1,1,3,1,1,1,1,1,1,171,186,232,175,229,205,160,173,16,1
196,2006,1196,1375,13,8,8,5,8,6,7,10,3,59,74,76,75,86,91,54,61,14,1
197,2006,1203,1423,17,9,42,31,18,22,16,6,8,44,41,71,40,55,48,29,33,9,1
198,2006,1211,1462,6,5,39,27,15,18,17,5,3,64,57,59,67,66,59,65,68,14,1
199,2006,1102,1228,48,44,58,49,52,56,59,52,13,9,11,9,11,7,7,9,9,4,0
200,2006,1231,1361,38,37,33,41,26,25,30,25,6,51,52,51,51,64,62,63,64,11,1
201,2006,1233,1261,56,59,85,61,78,61,46,50,13,15,19,17,13,14,12,12,16,4,0
202,2006,1285,1305,67,66,115,90,94,100,71,72,12,20,18,50,21,33,27,20,20,5,1
203,2006,1397,1457,14,17,22,15,16,14,15,15,2,81,95,118,91,110,71,78,71,15,1
204,2006,1393,1401,21,22,30,52,24,26,32,22,5,34,26,19,33,30,39,39,40,12,0
205,2006,1125,1417,154,167,150,143,200,182,147,159,15,7,10,7,12,13,13,14,17,2,0
206,2006,1429,1449,53,58,87,66,72,67,56,58,12,19,20,14,20,22,20,23,29,5,0
207,2006,1328,1454,24,29,27,38,27,35,31,32,6,61,73,57,68,79,66,57,67,11,0
208,2006,1371,1455,49,54,70,56,45,58,53,53,10,22,25,54,39,37,32,27,28,7,0
209,2006,1112,1458,37,36,26,35,38,41,47,48,8,31,50,40,34,28,36,34,38,9,1
210,2006,1133,1242,46,51,47,32,49,37,33,47,13,16,16,4,4,11,11,10,19,4,1
211,2006,1116,1137,28,28,16,16,20,19,22,26,8,43,23,91,42,46,43,41,18,9,0
212,2006,1107,1163,134,139,153,137,165,154,120,146,16,3,2,2,2,2,2,2,2,1,0
213,2006,1206,1277,45,43,75,28,53,38,25,37,11,23,27,18,23,23,29,26,21,6,1
214,2006,1207,1320,27,21,20,17,21,16,19,23,7,25,34,56,24,36,33,28,34,10,1
215,2006,1246,1412,35,38,23,30,29,34,37,39,8,33,33,52,44,42,44,42,30,9,1
216,2006,1272,1331,4,4,10,7,4,5,5,4,1,128,119,109,128,138,121,111,123,16,1
217,2006,1143,1301,47,40,46,50,43,51,51,55,7,36,30,28,25,25,24,36,31,10,0
218,2006,1293,1314,66,88,108,93,96,92,69,62,14,11,14,1,10,10,9,8,13,3,0
219,2006,1234,1322,12,15,13,14,12,15,13,11,3,73,65,122,74,102,87,85,54,14,0
220,2006,1172,1326,115,127,126,120,132,125,109,114,15,5,7,12,9,6,8,6,7,2,0
221,2006,1245,1338,55,64,62,59,70,65,50,51,12,10,13,11,8,9,10,11,12,5,0
222,2006,1335,1400,93,105,119,103,115,97,94,103,15,8,6,5,6,5,4,4,8,2,0
223,2006,1284,1437,170,158,190,194,199,177,164,165,16,2,3,6,3,3,3,3,3,1,0
224,2006,1356,1452,30,46,53,48,57,45,44,46,11,29,24,21,18,19,21,24,24,6,0
225,2006,1130,1285,18,12,15,19,17,17,18,14,4,67,66,115,90,94,100,71,72,12,1
226,2006,1181,1203,1,1,3,1,1,1,1,1,1,17,9,42,31,18,22,16,6,8,1
227,2006,1196,1454,13,8,8,5,8,6,7,10,3,61,73,57,68,79,66,57,67,11,1
228,2006,1211,1231,6,5,39,27,15,18,17,5,3,38,37,33,41,26,25,30,25,6,1
229,2006,1261,1401,15,19,17,13,14,12,12,16,4,34,26,19,33,30,39,39,40,12,1
230,2006,1104,1417,54,61,45,71,48,57,61,57,10,7,10,7,12,13,13,14,17,2,0
231,2006,1228,1449,9,11,9,11,7,7,9,9,4,19,20,14,20,22,20,23,29,5,0
232,2006,1397,1455,14,17,22,15,16,14,15,15,2,22,25,54,39,37,32,27,28,7,0
233,2006,1133,1338,46,51,47,32,49,37,33,47,13,10,13,11,8,9,10,11,12,5,1
234,2006,1163,1246,3,2,2,2,2,2,2,2,1,35,38,23,30,29,34,37,39,8,1
235,2006,1206,1314,45,43,75,28,53,38,25,37,11,11,14,1,10,10,9,8,13,3,1
236,2006,1207,1326,27,21,20,17,21,16,19,23,7,5,7,12,9,6,8,6,7,2,1
237,2006,1137,1272,43,23,91,42,46,43,41,18,9,4,4,10,7,4,5,5,4,1,0
238,2006,1301,1400,36,30,28,25,25,24,36,31,10,8,6,5,6,5,4,4,8,2,0
239,2006,1112,1437,37,36,26,35,38,41,47,48,8,2,3,6,3,3,3,3,3,1,0
240,2006,1322,1452,73,65,122,74,102,87,85,54,14,29,24,21,18,19,21,24,24,6,0
241,2006,1181,1261,1,1,3,1,1,1,1,1,1,15,19,17,13,14,12,12,16,4,0
242,2006,1133,1272,46,51,47,32,49,37,33,47,13,4,4,10,7,4,5,5,4,1,0
243,2006,1400,1452,8,6,5,6,5,4,4,8,2,29,24,21,18,19,21,24,24,6,1
244,2006,1211,1417,6,5,39,27,15,18,17,5,3,7,10,7,12,13,13,14,17,2,0
245,2006,1163,1449,3,2,2,2,2,2,2,2,1,19,20,14,20,22,20,23,29,5,1
246,2006,1196,1207,13,8,8,5,8,6,7,10,3,27,21,20,17,21,16,19,23,7,1
247,2006,1206,1455,45,43,75,28,53,38,25,37,11,22,25,54,39,37,32,27,28,7,1
248,2006,1130,1437,18,12,15,19,17,17,18,14,4,2,3,6,3,3,3,3,3,1,0
249,2006,1261,1400,15,19,17,13,14,12,12,16,4,8,6,5,6,5,4,4,8,2,1
250,2006,1272,1417,4,4,10,7,4,5,5,4,1,7,10,7,12,13,13,14,17,2,0
251,2006,1196,1437,13,8,8,5,8,6,7,10,3,2,3,6,3,3,3,3,3,1,1
252,2006,1163,1206,3,2,2,2,2,2,2,2,1,45,43,75,28,53,38,25,37,11,0
253,2006,1196,1206,13,8,8,5,8,6,7,10,3,45,43,75,28,53,38,25,37,11,1
254,2006,1261,1417,15,19,17,13,14,12,12,16,4,7,10,7,12,13,13,14,17,2,0
255,2006,1196,1417,13,8,8,5,8,6,7,10,3,7,10,7,12,13,13,14,17,2,1
256,2007,1197,1310,180,208,248,256,235,231,204,180,16,142,138,143,169,173,162,152,152,16,0
257,2007,1130,1403,36,37,37,42,36,34,43,38,7,52,48,68,68,57,64,65,59,10,1
258,2007,1139,1330,22,31,66,27,41,21,36,26,5,54,57,67,69,68,68,56,45,12,1
259,2007,1125,1207,120,129,129,132,152,126,105,115,15,10,8,4,6,7,8,6,8,2,0
260,2007,1211,1231,56,53,41,54,47,46,52,47,10,37,27,30,20,30,28,28,36,7,0
261,2007,1257,1390,24,29,9,15,29,33,31,37,6,55,63,47,53,39,53,62,46,11,1
262,2007,1172,1268,38,26,69,74,61,55,25,21,13,18,13,8,11,14,11,12,18,4,0
263,2007,1266,1277,21,24,27,28,24,36,39,27,8,29,32,33,13,23,22,27,33,9,0
264,2007,1184,1314,148,162,188,188,187,168,164,147,16,3,3,1,1,2,1,1,4,1,0
265,2007,1148,1326,154,160,151,174,185,193,161,162,16,1,1,6,4,1,2,2,1,1,0
266,2007,1338,1460,7,10,15,12,10,10,11,11,3,76,83,87,97,97,88,79,78,14,1
267,2007,1335,1401,90,89,104,102,106,110,91,101,14,13,11,5,5,9,9,9,16,3,0
268,2007,1417,1451,2,7,11,8,3,6,5,3,2,143,140,184,184,157,153,150,140,15,1
269,2007,1181,1433,15,15,17,10,15,13,13,24,6,39,44,74,72,64,58,34,32,11,0
270,2007,1203,1435,66,68,78,82,83,71,69,70,11,47,50,45,51,46,54,55,49,6,0
271,2007,1331,1450,95,87,109,94,101,96,80,98,14,16,17,25,33,13,23,20,15,3,0
272,2007,1140,1462,25,42,43,55,42,44,32,25,8,33,55,22,34,50,41,29,53,9,0
273,2007,1196,1238,6,5,3,3,4,3,3,5,1,178,225,273,292,238,232,196,168,16,1
274,2007,1242,1310,5,4,2,2,6,4,4,6,1,142,138,143,169,173,162,152,152,16,1
275,2007,1246,1437,19,21,20,18,17,18,16,22,8,23,20,16,19,22,20,17,31,9,1
276,2007,1272,1317,9,6,7,9,8,7,8,7,2,133,155,164,185,158,143,140,131,15,1
277,2007,1166,1305,26,36,21,32,45,30,19,29,10,17,19,57,63,27,31,21,12,7,0
278,2007,1275,1332,111,104,89,93,107,99,96,108,14,12,14,13,21,11,15,14,10,3,0
279,2007,1112,1345,14,25,32,23,12,12,15,17,8,43,38,38,22,34,32,37,48,9,0
280,2007,1221,1356,77,79,93,100,108,93,73,77,13,8,9,29,35,18,17,10,9,4,0
281,2007,1253,1397,78,81,95,131,95,91,86,72,12,20,23,34,39,20,24,24,19,5,0
282,2007,1308,1400,60,70,91,96,77,83,74,62,13,27,16,12,16,19,16,22,20,4,0
283,2007,1210,1424,42,30,18,14,21,19,30,40,10,11,22,35,52,26,29,23,14,7,0
284,2007,1116,1425,45,46,24,30,40,40,42,52,12,30,43,44,43,25,35,41,28,5,0
285,2007,1107,1438,107,102,136,150,143,124,103,89,13,46,39,49,48,33,39,54,44,4,0
286,2007,1228,1439,31,34,40,24,38,45,40,42,12,41,35,31,26,32,25,33,41,5,0
287,2007,1323,1457,28,18,14,17,16,14,18,23,6,68,12,82,71,52,37,38,13,11,0
288,2007,1394,1458,82,72,119,129,91,86,72,69,15,4,2,10,7,5,5,7,2,2,0
289,2007,1139,1268,22,31,66,27,41,21,36,26,5,18,13,8,11,14,11,12,18,4,1
290,2007,1130,1207,36,37,37,42,36,34,43,38,7,10,8,4,6,7,8,6,8,2,0
291,2007,1277,1314,29,32,33,13,23,22,27,33,9,3,3,1,1,2,1,1,4,1,0
292,2007,1326,1462,1,1,6,4,1,2,2,1,1,33,55,22,34,50,41,29,53,9,1
293,2007,1338,1433,7,10,15,12,10,10,11,11,3,39,44,74,72,64,58,34,32,11,1
294,2007,1257,1401,24,29,9,15,29,33,31,37,6,13,11,5,5,9,9,9,16,3,0
295,2007,1231,1417,37,27,30,20,30,28,28,36,7,2,7,11,8,3,6,5,3,2,0
296,2007,1435,1450,47,50,45,51,46,54,55,49,6,16,17,25,33,13,23,20,15,3,1
297,2007,1196,1345,6,5,3,3,4,3,3,5,1,43,38,38,22,34,32,37,48,9,1
298,2007,1242,1246,5,4,2,2,6,4,4,6,1,19,21,20,18,17,18,16,22,8,1
299,2007,1272,1305,9,6,7,9,8,7,8,7,2,17,19,57,63,27,31,21,12,7,1
300,2007,1332,1457,12,14,13,21,11,15,14,10,3,68,12,82,71,52,37,38,13,11,1
301,2007,1356,1439,8,9,29,35,18,17,10,9,4,41,35,31,26,32,25,33,41,5,1
302,2007,1397,1438,20,23,34,39,20,24,24,19,5,46,39,49,48,33,39,54,44,4,1
303,2007,1424,1458,11,22,35,52,26,29,23,14,7,4,2,10,7,5,5,7,2,2,1
304,2007,1400,1425,27,16,12,16,19,16,22,20,4,30,43,44,43,25,35,41,28,5,0
305,2007,1242,1356,5,4,2,2,6,4,4,6,1,8,9,29,35,18,17,10,9,4,1
306,2007,1272,1401,9,6,7,9,8,7,8,7,2,13,11,5,5,9,9,9,16,3,1
307,2007,1326,1397,1,1,6,4,1,2,2,1,1,20,23,34,39,20,24,24,19,5,1
308,2007,1338,1417,7,10,15,12,10,10,11,11,3,2,7,11,8,3,6,5,3,2,0
309,2007,1139,1196,22,31,66,27,41,21,36,26,5,6,5,3,3,4,3,3,5,1,0
310,2007,1207,1435,10,8,4,6,7,8,6,8,2,47,50,45,51,46,54,55,49,6,1
311,2007,1314,1425,3,3,1,1,2,1,1,4,1,30,43,44,43,25,35,41,28,5,1
312,2007,1332,1424,12,14,13,21,11,15,14,10,3,11,22,35,52,26,29,23,14,7,1
313,2007,1272,1326,9,6,7,9,8,7,8,7,2,1,1,6,4,1,2,2,1,1,0
314,2007,1242,1417,5,4,2,2,6,4,4,6,1,2,7,11,8,3,6,5,3,2,0
315,2007,1196,1332,6,5,3,3,4,3,3,5,1,12,14,13,21,11,15,14,10,3,1
316,2007,1207,1314,10,8,4,6,7,8,6,8,2,3,3,1,1,2,1,1,4,1,1
317,2007,1196,1417,6,5,3,3,4,3,3,5,1,2,7,11,8,3,6,5,3,2,1
318,2007,1207,1326,10,8,4,6,7,8,6,8,2,1,1,6,4,1,2,2,1,1,0
319,2007,1196,1326,6,5,3,3,4,3,3,5,1,1,1,6,4,1,2,2,1,1,1
320,2008,1164,1291,249,288,287,309,288,288,254,254,16,174,184,161,169,187,178,170,170,16,0
321,2008,1125,1181,90,115,160,160,135,134,92,87,15,6,7,6,6,5,5,5,7,2,0
322,2008,1242,1340,5,3,1,1,4,2,3,4,1,108,110,115,126,137,118,111,103,16,1
323,2008,1243,1425,49,38,23,15,32,32,49,43,11,28,26,20,20,19,22,25,26,6,1
324,2008,1246,1266,57,66,40,61,58,60,67,62,11,23,22,14,12,15,14,18,20,6,0
325,2008,1277,1396,18,14,17,17,22,18,23,17,5,51,64,66,65,65,64,44,58,12,1
326,2008,1206,1323,71,90,98,93,90,87,72,80,12,21,18,21,27,17,23,24,18,5,0
327,2008,1331,1338,65,60,89,79,78,72,56,60,13,17,16,13,26,21,16,17,16,4,0
328,2008,1124,1345,42,37,43,39,31,38,41,37,11,27,24,25,25,28,29,32,30,6,0
329,2008,1165,1390,75,80,131,132,114,105,76,61,14,14,10,12,10,10,10,14,12,3,0
330,2008,1140,1401,30,29,42,44,33,30,28,31,8,29,25,19,16,25,27,34,33,9,0
331,2008,1290,1417,240,291,301,318,305,304,277,282,16,3,4,4,2,2,3,2,3,1,0
332,2008,1245,1424,24,31,60,66,39,41,27,23,9,25,36,61,53,43,45,43,38,8,0
333,2008,1450,1457,22,13,15,11,12,12,15,14,4,119,103,121,109,120,107,106,112,13,1
334,2008,1112,1452,48,35,24,22,27,28,35,40,10,26,27,18,23,24,19,21,28,7,0
335,2008,1168,1458,81,86,93,110,100,83,73,81,14,7,6,8,4,7,6,7,6,3,0
336,2008,1208,1462,100,85,57,81,79,91,112,96,14,12,15,22,18,16,11,11,13,3,0
337,2008,1116,1231,34,44,28,40,41,39,40,41,9,16,17,33,19,20,21,22,22,8,1
338,2008,1139,1375,10,12,41,32,13,24,13,11,7,40,55,86,75,55,55,55,39,10,1
339,2008,1172,1211,37,32,27,33,40,26,19,25,10,31,28,31,28,30,25,26,27,7,1
340,2008,1207,1420,8,9,5,8,9,8,8,9,2,109,102,158,145,139,124,107,95,15,1
341,2008,1129,1257,77,88,114,131,131,106,93,116,14,13,21,9,9,11,13,12,15,3,0
342,2008,1272,1426,2,2,3,3,1,4,4,2,1,151,161,199,186,164,168,163,144,16,1
343,2008,1274,1388,35,34,47,47,34,36,39,36,7,36,33,62,46,37,31,30,29,10,1
344,2008,1280,1332,38,43,26,34,38,40,29,45,8,59,39,30,37,35,35,48,50,9,1
345,2008,1291,1314,174,184,161,169,187,178,170,170,16,1,1,2,5,3,1,1,1,1,0
346,2008,1328,1386,33,30,46,36,29,33,36,32,6,54,58,58,55,61,51,37,53,11,1
347,2008,1163,1360,20,20,16,21,23,20,20,19,4,104,105,100,117,110,112,120,98,13,0
348,2008,1373,1435,84,99,99,113,107,97,83,86,13,15,23,32,48,26,34,31,24,4,1
349,2008,1110,1397,128,139,164,159,158,155,126,126,15,4,5,10,14,8,7,6,5,2,0
350,2008,1122,1400,124,135,135,170,157,152,128,118,15,9,8,7,7,6,9,9,8,2,0
351,2008,1155,1437,19,19,11,13,18,17,16,21,5,47,45,35,51,46,53,53,42,12,0
352,2008,1179,1443,11,11,34,24,14,15,10,10,5,41,46,65,64,49,46,38,34,12,0
353,2008,1242,1424,5,3,1,1,4,2,3,4,1,25,36,61,53,43,45,43,38,8,1
354,2008,1277,1338,18,14,17,17,22,18,23,17,5,17,16,13,26,21,16,17,16,4,1
355,2008,1266,1390,23,22,14,12,15,14,18,20,6,14,10,12,10,10,10,14,12,3,0
356,2008,1401,1417,29,25,19,16,25,27,34,33,9,3,4,4,2,2,3,2,3,1,0
357,2008,1323,1450,21,18,21,27,17,23,24,18,5,22,13,15,11,12,12,15,14,4,0
358,2008,1181,1452,6,7,6,6,5,5,5,7,2,26,27,18,23,24,19,21,28,7,0
359,2008,1243,1458,49,38,23,15,32,32,49,43,11,7,6,8,4,7,6,7,6,3,0
360,2008,1345,1462,27,24,25,25,28,29,32,30,6,12,15,22,18,16,11,11,13,3,0
361,2008,1172,1207,37,32,27,33,40,26,19,25,10,8,9,5,8,9,8,8,9,2,1
362,2008,1257,1328,13,21,9,9,11,13,12,15,3,33,30,46,36,29,33,36,32,6,1
363,2008,1272,1280,2,2,3,3,1,4,4,2,1,38,43,26,34,38,40,29,45,8,1
364,2008,1116,1314,34,44,28,40,41,39,40,41,9,1,1,2,5,3,1,1,1,1,0
365,2008,1139,1397,10,12,41,32,13,24,13,11,7,4,5,10,14,8,7,6,5,2,0
366,2008,1274,1400,35,34,47,47,34,36,39,36,7,9,8,7,7,6,9,9,8,2,0
367,2008,1373,1437,84,99,99,113,107,97,83,86,13,47,45,35,51,46,53,53,42,12,0
368,2008,1360,1443,104,105,100,117,110,112,120,98,13,41,46,65,64,49,46,38,34,12,0
369,2008,1257,1397,13,21,9,9,11,13,12,15,3,4,5,10,14,8,7,6,5,2,1
370,2008,1314,1450,1,1,2,5,3,1,1,1,1,22,13,15,11,12,12,15,14,4,1
371,2008,1417,1443,3,4,4,2,2,3,2,3,1,41,46,65,64,49,46,38,34,12,1
372,2008,1452,1462,26,27,18,23,24,19,21,28,7,12,15,22,18,16,11,11,13,3,0
373,2008,1172,1458,37,32,27,33,40,26,19,25,10,7,6,8,4,7,6,7,6,3,1
374,2008,1242,1437,5,3,1,1,4,2,3,4,1,47,45,35,51,46,53,53,42,12,1
375,2008,1272,1277,2,2,3,3,1,4,4,2,1,18,14,17,17,22,18,23,17,5,1
376,2008,1390,1400,14,10,12,10,10,10,14,12,3,9,8,7,7,6,9,9,8,2,0
377,2008,1257,1314,13,21,9,9,11,13,12,15,3,1,1,2,5,3,1,1,1,1,0
378,2008,1417,1462,3,4,4,2,2,3,2,3,1,12,15,22,18,16,11,11,13,3,1
379,2008,1172,1242,37,32,27,33,40,26,19,25,10,5,3,1,1,4,2,3,4,1,0
380,2008,1272,1400,2,2,3,3,1,4,4,2,1,9,8,7,7,6,9,9,8,2,1
381,2008,1242,1314,5,3,1,1,4,2,3,4,1,1,1,2,5,3,1,1,1,1,1
382,2008,1272,1417,2,2,3,3,1,4,4,2,1,3,4,4,2,2,3,2,3,1,1
383,2008,1242,1272,5,3,1,1,4,2,3,4,1,2,2,3,3,1,4,4,2,1,1
384,2009,1106,1287,168,196,232,195,258,210,175,212,16,186,177,170,167,188,187,164,173,16,0
385,2009,1151,1163,181,200,176,213,199,208,173,183,16,4,3,5,3,3,3,2,1,1,0
386,2009,1127,1181,101,115,168,162,151,158,115,110,15,3,5,6,7,5,4,5,4,2,0
387,2009,1103,1211,110,107,92,91,116,101,92,111,13,20,13,9,5,15,8,10,13,4,0
388,2009,1139,1261,21,30,57,43,38,33,26,20,9,30,23,37,46,36,40,36,33,8,0
389,2009,1143,1268,36,29,45,29,29,28,31,31,7,46,44,40,54,35,44,43,45,10,0
390,2009,1169,1272,151,150,127,104,139,122,145,144,15,6,4,3,1,6,6,4,5,2,0
391,2009,1155,1276,23,24,22,22,24,19,20,19,7,45,41,47,49,32,35,46,32,10,0
392,2009,1314,1347,2,1,2,2,2,1,1,3,1,137,147,162,170,160,164,107,129,16,1
393,2009,1288,1328,136,162,182,139,183,144,119,133,15,8,8,20,17,8,9,8,8,2,0
394,2009,1320,1345,56,75,79,82,78,82,70,67,12,16,25,17,14,13,11,16,15,5,0
395,2009,1278,1400,31,34,55,45,26,32,37,30,10,38,33,30,28,27,29,30,35,7,0
396,2009,1140,1401,29,27,33,18,30,23,25,28,8,35,36,42,52,34,46,42,37,9,0
397,2009,1417,1433,18,18,10,9,16,17,17,26,6,69,81,64,55,84,76,54,69,11,1
398,2009,1110,1437,90,89,107,109,126,112,94,81,14,9,10,13,19,9,16,13,9,3,0
399,2009,1228,1443,17,20,27,23,17,21,21,17,5,67,82,93,99,92,87,78,70,12,0
400,2009,1280,1449,57,77,29,60,65,70,61,71,13,14,16,16,16,19,18,18,24,4,0
401,2009,1112,1428,53,42,38,39,39,43,50,53,12,22,32,43,25,37,26,29,34,5,1
402,2009,1113,1396,24,14,14,12,21,20,23,27,6,50,56,50,47,66,52,33,44,11,1
403,2009,1156,1448,66,61,77,68,79,67,55,59,13,13,11,19,21,11,12,9,10,4,1
404,2009,1173,1452,34,40,86,83,61,64,53,36,11,26,19,8,8,18,14,15,21,6,1
405,2009,1242,1295,11,15,11,11,14,15,12,16,3,86,64,87,71,91,79,66,74,14,1
406,2009,1257,1287,5,6,1,4,4,5,6,6,1,186,177,170,167,188,187,164,173,16,1
407,2009,1266,1429,27,21,15,20,20,22,24,23,6,28,28,90,56,48,41,40,25,11,1
408,2009,1277,1352,7,7,18,13,7,7,7,7,2,118,130,129,122,157,137,123,123,15,1
409,2009,1165,1281,124,124,98,100,131,118,117,127,14,10,12,12,10,10,10,11,11,3,0
410,2009,1329,1397,32,31,28,33,28,30,27,29,8,39,39,21,32,42,36,32,47,9,1
411,2009,1190,1338,128,132,134,113,145,133,101,122,16,1,2,4,6,1,2,3,2,1,0
412,2009,1326,1373,25,26,35,36,23,25,28,22,8,33,45,62,65,63,58,34,39,9,0
413,2009,1372,1393,94,87,138,93,113,95,82,85,14,12,9,7,15,12,13,14,12,3,0
414,2009,1130,1425,44,43,48,59,41,47,52,42,7,40,35,24,27,33,34,38,48,10,0
415,2009,1199,1458,15,17,23,35,22,27,22,14,5,43,48,25,30,31,31,35,40,12,0
416,2009,1340,1462,113,105,165,117,112,102,128,98,13,19,22,26,24,25,24,19,18,4,0
417,2009,1163,1401,4,3,5,3,3,3,2,1,1,35,36,42,52,34,46,42,37,9,1
418,2009,1181,1400,3,5,6,7,5,4,5,4,2,38,33,30,28,27,29,30,35,7,1
419,2009,1211,1443,20,13,9,5,15,8,10,13,4,67,82,93,99,92,87,78,70,12,1
420,2009,1268,1272,46,44,40,54,35,44,43,45,10,6,4,3,1,6,6,4,5,2,0
421,2009,1261,1314,30,23,37,46,36,40,36,33,8,2,1,2,2,2,1,1,3,1,0
422,2009,1276,1328,45,41,47,49,32,35,46,32,10,8,8,20,17,8,9,8,8,2,0
423,2009,1345,1449,16,25,17,14,13,11,16,15,5,14,16,16,16,19,18,18,24,4,1
424,2009,1417,1437,18,18,10,9,16,17,17,26,6,9,10,13,19,9,16,13,9,3,0
425,2009,1112,1156,53,42,38,39,39,43,50,53,12,66,61,77,68,79,67,55,59,13,1
426,2009,1173,1242,34,40,86,83,61,64,53,36,11,11,15,11,11,14,15,12,16,3,0
427,2009,1257,1373,5,6,1,4,4,5,6,6,1,33,45,62,65,63,58,34,39,9,1
428,2009,1277,1425,7,7,18,13,7,7,7,7,2,40,35,24,27,33,34,38,48,10,1
429,2009,1266,1281,27,21,15,20,20,22,24,23,6,10,12,12,10,10,10,11,11,3,0
430,2009,1329,1338,32,31,28,33,28,30,27,29,8,1,2,4,6,1,2,3,2,1,0
431,2009,1113,1393,24,14,14,12,21,20,23,27,6,12,9,7,15,12,13,14,12,3,0
432,2009,1458,1462,43,48,25,30,31,31,35,40,12,19,22,26,24,25,24,19,18,4,0
433,2009,1163,1345,4,3,5,3,3,3,2,1,1,16,25,17,14,13,11,16,15,5,1
434,2009,1272,1281,6,4,3,1,6,6,4,5,2,10,12,12,10,10,10,11,11,3,0
435,2009,1338,1462,1,2,4,6,1,2,3,2,1,19,22,26,24,25,24,19,18,4,1
436,2009,1181,1437,3,5,6,7,5,4,5,4,2,9,10,13,19,9,16,13,9,3,0
437,2009,1112,1257,53,42,38,39,39,43,50,53,12,5,6,1,4,4,5,6,6,1,0
438,2009,1242,1277,11,15,11,11,14,15,12,16,3,7,7,18,13,7,7,7,7,2,0
439,2009,1211,1314,20,13,9,5,15,8,10,13,4,2,1,2,2,2,1,1,3,1,0
440,2009,1328,1393,8,8,20,17,8,9,8,8,2,12,9,7,15,12,13,14,12,3,1
441,2009,1163,1281,4,3,5,3,3,3,2,1,1,10,12,12,10,10,10,11,11,3,1
442,2009,1338,1437,1,2,4,6,1,2,3,2,1,9,10,13,19,9,16,13,9,3,0
443,2009,1257,1277,5,6,1,4,4,5,6,6,1,7,7,18,13,7,7,7,7,2,0
444,2009,1314,1328,2,1,2,2,2,1,1,3,1,8,8,20,17,8,9,8,8,2,1
445,2009,1163,1277,4,3,5,3,3,3,2,1,1,7,7,18,13,7,7,7,7,2,0
446,2009,1314,1437,2,1,2,2,2,1,1,3,1,9,10,13,19,9,16,13,9,3,1
447,2009,1277,1314,7,7,18,13,7,7,7,7,2,2,1,2,2,2,1,1,3,1,0
448,2010,1115,1457,215,234,269,238,263,239,210,222,16,178,205,199,212,211,210,182,173,16,1
449,2010,1124,1358,13,10,11,12,10,8,13,12,3,89,95,112,102,125,106,78,90,14,1
450,2010,1139,1431,11,12,24,26,23,22,15,13,5,31,35,38,34,44,33,37,32,12,1
451,2010,1140,1196,17,14,14,7,14,9,12,11,7,54,56,40,49,42,48,55,50,10,1
452,2010,1242,1250,1,1,1,2,1,1,1,1,1,166,187,149,180,210,204,171,187,16,1
453,2010,1243,1317,6,7,8,9,6,6,7,8,2,110,121,157,169,163,154,134,111,15,1
454,2010,1190,1246,161,163,184,142,177,156,151,151,16,2,2,4,6,3,4,3,2,1,0
455,2010,1293,1435,59,48,75,57,71,61,46,44,13,19,24,29,36,24,27,27,24,4,1
456,2010,1285,1307,99,108,135,105,111,102,100,97,14,8,11,59,47,18,23,19,7,3,0
457,2010,1320,1424,15,25,41,32,30,31,21,19,9,33,42,43,37,37,44,45,40,8,1
458,2010,1207,1325,12,16,7,11,9,11,9,14,3,106,126,101,100,116,112,91,119,14,0
459,2010,1323,1330,34,44,21,38,25,39,36,38,6,40,43,47,33,56,43,33,39,11,0
460,2010,1350,1388,25,29,53,48,45,41,26,22,7,27,30,49,43,28,30,29,27,10,0
461,2010,1361,1397,32,40,48,40,47,38,32,29,11,16,17,27,35,20,19,22,17,6,0
462,2010,1352,1437,148,158,158,188,195,188,162,162,15,10,9,16,15,7,7,6,9,2,0
463,2010,1400,1448,24,21,30,17,17,13,24,23,8,46,39,58,50,40,45,50,46,9,0
464,2010,1266,1449,36,31,32,28,21,24,25,31,6,30,41,12,29,39,42,43,52,11,0
465,2010,1143,1257,29,36,15,14,32,29,23,45,8,37,50,33,39,34,37,39,48,9,1
466,2010,1165,1396,49,37,70,66,62,52,47,20,12,7,13,35,18,12,16,8,6,5,1
467,2010,1115,1181,215,234,269,238,263,239,210,222,16,5,3,2,1,4,2,2,5,1,0
468,2010,1210,1329,47,34,31,27,38,32,40,47,10,35,32,37,44,35,36,44,33,7,1
469,2010,1199,1211,38,23,25,19,33,26,35,35,9,28,27,60,56,29,35,41,26,8,0
470,2010,1222,1268,119,102,74,85,104,100,106,124,13,23,19,10,10,19,15,14,25,4,0
471,2010,1277,1308,26,20,18,24,22,25,28,30,5,75,74,99,115,94,98,80,64,12,1
472,2010,1155,1281,39,33,22,16,31,28,31,41,7,42,38,28,21,26,21,34,36,10,0
473,2010,1326,1364,18,8,3,4,11,12,10,18,2,97,112,156,152,130,126,109,98,15,1
474,2010,1324,1338,72,75,117,141,102,103,71,58,14,14,22,20,30,15,20,18,16,3,0
475,2010,1345,1373,9,6,17,13,8,10,11,10,4,44,45,65,58,63,53,38,34,13,1
476,2010,1393,1436,3,4,6,5,2,3,4,3,1,128,129,115,129,168,145,113,112,16,1
477,2010,1401,1429,20,15,19,23,16,17,20,15,5,41,55,26,20,50,40,30,42,12,1
478,2010,1288,1452,117,119,181,149,169,144,110,105,15,4,5,9,8,5,5,5,4,2,0
479,2010,1458,1459,22,18,5,3,13,14,17,28,4,67,76,98,87,95,82,64,68,13,1
480,2010,1278,1462,62,46,13,25,46,46,51,63,11,21,28,23,22,27,18,16,21,6,0
481,2010,1124,1330,13,10,11,12,10,8,13,12,3,40,43,47,33,56,43,33,39,11,1
482,2010,1139,1293,11,12,24,26,23,22,15,13,5,59,48,75,57,71,61,46,44,13,1
483,2010,1140,1243,17,14,14,7,14,9,12,11,7,6,7,8,9,6,6,7,8,2,0
484,2010,1246,1448,2,2,4,6,3,4,3,2,1,46,39,58,50,40,45,50,46,9,1
485,2010,1242,1320,1,1,1,2,1,1,1,1,1,15,25,41,32,30,31,21,19,9,0
486,2010,1388,1437,27,30,49,43,28,30,29,27,10,10,9,16,15,7,7,6,9,2,1
487,2010,1325,1397,106,126,101,100,116,112,91,119,14,16,17,27,35,20,19,22,17,6,0
488,2010,1307,1449,8,11,59,47,18,23,19,7,3,30,41,12,29,39,42,43,52,11,0
489,2010,1165,1458,49,37,70,66,62,52,47,20,12,22,18,5,3,13,14,17,28,4,1
490,2010,1143,1181,29,36,15,14,32,29,23,45,8,5,3,2,1,4,2,2,5,1,0
491,2010,1268,1277,23,19,10,10,19,15,14,25,4,26,20,18,24,22,25,28,30,5,0
492,2010,1210,1326,47,34,31,27,38,32,40,47,10,18,8,3,4,11,12,10,18,2,0
493,2010,1345,1401,9,6,17,13,8,10,11,10,4,20,15,19,23,16,17,20,15,5,1
494,2010,1211,1393,28,27,60,56,29,35,41,26,8,3,4,6,5,2,3,4,3,1,0
495,2010,1281,1452,42,38,28,21,26,21,34,36,10,4,5,9,8,5,5,5,4,2,0
496,2010,1338,1462,14,22,20,30,15,20,18,16,3,21,28,23,22,27,18,16,21,6,0
497,2010,1139,1393,11,12,24,26,23,22,15,13,5,3,4,6,5,2,3,4,3,1,1
498,2010,1243,1462,6,7,8,9,6,6,7,8,2,21,28,23,22,27,18,16,21,6,1
499,2010,1165,1246,49,37,70,66,62,52,47,20,12,2,2,4,6,3,4,3,2,1,0
500,2010,1449,1452,30,41,12,29,39,42,43,52,11,4,5,9,8,5,5,5,4,2,0
501,2010,1124,1388,13,10,11,12,10,8,13,12,3,27,30,49,43,28,30,29,27,10,1
502,2010,1181,1345,5,3,2,1,4,2,2,5,1,9,6,17,13,8,10,11,10,4,1
503,2010,1277,1320,26,20,18,24,22,25,28,30,5,15,25,41,32,30,31,21,19,9,1
504,2010,1326,1397,18,8,3,4,11,12,10,18,2,16,17,27,35,20,19,22,17,6,0
505,2010,1139,1243,11,12,24,26,23,22,15,13,5,6,7,8,9,6,6,7,8,2,1
506,2010,1246,1452,2,2,4,6,3,4,3,2,1,4,5,9,8,5,5,5,4,2,0
507,2010,1124,1181,13,10,11,12,10,8,13,12,3,5,3,2,1,4,2,2,5,1,0
508,2010,1277,1397,26,20,18,24,22,25,28,30,5,16,17,27,35,20,19,22,17,6,1
509,2010,1139,1277,11,12,24,26,23,22,15,13,5,26,20,18,24,22,25,28,30,5,1
510,2010,1181,1452,5,3,2,1,4,2,2,5,1,4,5,9,8,5,5,5,4,2,1
511,2010,1139,1181,11,12,24,26,23,22,15,13,5,5,3,2,1,4,2,2,5,1,0
512,2011,1155,1412,51,44,21,24,38,42,37,53,12,37,51,67,56,58,53,50,41,12,1
513,2011,1114,1421,185,187,196,210,201,207,210,195,16,160,175,151,143,168,155,127,147,16,0
514,2011,1106,1427,266,300,290,295,314,308,271,275,16,204,193,222,219,224,219,204,198,16,0
515,2011,1425,1433,75,62,44,44,62,62,59,84,11,59,72,80,84,74,77,55,54,11,0
516,2011,1139,1330,41,58,48,54,57,46,38,46,8,18,27,52,52,35,39,24,20,9,1
517,2011,1140,1459,6,7,17,13,8,6,7,4,3,107,109,78,86,114,97,91,95,14,1
518,2011,1153,1281,21,20,19,23,16,17,17,19,6,35,32,29,34,30,28,41,34,11,1
519,2011,1137,1163,86,85,109,90,102,88,68,68,14,11,10,14,17,10,14,13,8,3,0
520,2011,1196,1364,10,17,16,19,18,18,16,14,2,167,139,135,125,162,144,152,178,15,1
521,2011,1211,1385,54,45,26,27,43,41,40,48,11,25,26,24,35,21,23,28,26,6,1
522,2011,1243,1429,31,24,22,29,24,25,34,28,5,20,14,35,16,28,21,20,12,12,1
523,2011,1246,1343,14,16,6,7,15,12,10,18,4,48,59,117,87,77,76,48,35,13,1
524,2011,1257,1287,15,18,9,12,12,13,14,17,4,103,99,106,95,124,108,87,93,13,0
525,2011,1338,1421,5,6,4,5,4,5,4,7,1,160,175,151,143,168,155,127,147,16,1
526,2011,1350,1435,30,35,38,46,36,36,27,29,12,28,31,31,32,29,30,32,36,5,1
527,2011,1294,1361,130,120,150,122,141,125,107,120,15,3,3,11,6,5,4,5,2,2,0
528,2011,1336,1396,39,39,27,39,37,45,42,43,10,27,25,45,38,32,32,30,25,7,0
529,2011,1277,1417,47,30,30,41,34,37,47,40,10,36,38,50,53,44,47,49,50,7,0
530,2011,1155,1452,51,44,21,24,38,42,37,53,12,23,21,18,21,19,19,18,22,5,0
531,2011,1125,1458,43,34,43,18,52,34,22,27,13,17,13,13,9,13,11,15,15,4,0
532,2011,1112,1272,19,15,33,25,23,22,23,24,5,34,46,91,85,67,67,67,38,12,1
533,2011,1181,1214,4,4,2,2,3,3,3,5,1,129,167,221,211,178,178,150,122,16,1
534,2011,1199,1401,45,42,37,42,42,44,39,49,10,29,22,36,45,26,33,36,30,7,1
535,2011,1206,1437,26,40,46,26,40,31,21,23,8,32,33,41,28,20,24,31,33,9,1
536,2011,1228,1424,44,36,20,20,27,27,35,42,9,24,23,32,22,25,20,25,21,8,1
537,2011,1131,1242,137,164,152,169,163,166,135,139,16,1,2,3,3,2,2,2,3,1,0
538,2011,1266,1462,58,43,34,33,22,29,33,37,11,22,28,23,37,41,35,26,31,6,1
539,2011,1276,1397,40,37,25,40,33,38,45,39,8,46,57,58,55,46,51,53,56,9,1
540,2011,1254,1314,64,75,143,121,95,98,60,61,15,8,9,12,14,14,15,9,13,2,0
541,2011,1103,1323,105,123,110,123,122,127,111,113,15,7,5,7,10,6,8,6,6,2,0
542,2011,1326,1427,2,1,1,1,1,1,1,1,1,204,193,222,219,224,219,204,198,16,1
543,2011,1345,1389,13,8,10,8,9,9,8,10,3,118,116,102,110,131,128,98,102,14,1
544,2011,1232,1393,99,104,94,109,113,112,102,108,14,9,12,5,11,11,10,12,9,3,0
545,2011,1324,1400,77,50,75,69,75,56,43,55,13,12,11,8,4,7,7,11,11,4,0
546,2011,1207,1433,16,19,42,31,17,16,19,16,6,59,72,80,84,74,77,55,54,11,0
547,2011,1208,1449,42,48,56,57,51,52,58,51,10,33,29,15,15,31,26,29,44,7,0
548,2011,1139,1338,41,58,48,54,57,46,38,46,8,5,6,4,5,4,5,4,7,1,1
549,2011,1140,1211,6,7,17,13,8,6,7,4,3,54,45,26,27,43,41,40,48,11,1
550,2011,1153,1163,21,20,19,23,16,17,17,19,6,11,10,14,17,10,14,13,8,3,0
551,2011,1196,1417,10,17,16,19,18,18,16,14,2,36,38,50,53,44,47,49,50,7,1
552,2011,1246,1452,14,16,6,7,15,12,10,18,4,23,21,18,21,19,19,18,22,5,1
553,2011,1287,1350,103,99,106,95,124,108,87,93,13,30,35,38,46,36,36,27,29,12,0
554,2011,1361,1396,3,3,11,6,5,4,5,2,2,27,25,45,38,32,32,30,25,7,1
555,2011,1243,1458,31,24,22,29,24,25,34,28,5,17,13,13,9,13,11,15,15,4,0
556,2011,1112,1400,19,15,33,25,23,22,23,24,5,12,11,8,4,7,7,11,11,4,1
557,2011,1181,1276,4,4,2,2,3,3,3,5,1,40,37,25,40,33,38,45,39,8,1
558,2011,1199,1323,45,42,37,42,42,44,39,49,10,7,5,7,10,6,8,6,6,2,1
559,2011,1228,1242,44,36,20,20,27,27,35,42,9,1,2,3,3,2,2,2,3,1,0
560,2011,1266,1393,58,43,34,33,22,29,33,37,11,9,12,5,11,11,10,12,9,3,1
561,2011,1314,1449,8,9,12,14,14,15,9,13,2,33,29,15,15,31,26,29,44,7,1
562,2011,1206,1326,26,40,46,26,40,31,21,23,8,2,1,1,1,1,1,1,1,1,0
563,2011,1345,1433,13,8,10,8,9,9,8,10,3,59,72,80,84,74,77,55,54,11,0
564,2011,1112,1181,19,15,33,25,23,22,23,24,5,4,4,2,2,3,3,3,5,1,1
565,2011,1139,1458,41,58,48,54,57,46,38,46,8,17,13,13,9,13,11,15,15,4,1
566,2011,1163,1361,11,10,14,17,10,14,13,8,3,3,3,11,6,5,4,5,2,2,1
567,2011,1140,1196,6,7,17,13,8,6,7,4,3,10,17,16,19,18,18,16,14,2,0
568,2011,1242,1350,1,2,3,3,2,2,2,3,1,30,35,38,46,36,36,27,29,12,1
569,2011,1246,1326,14,16,6,7,15,12,10,18,4,2,1,1,1,1,1,1,1,1,1
570,2011,1266,1314,58,43,34,33,22,29,33,37,11,8,9,12,14,14,15,9,13,2,0
571,2011,1199,1433,45,42,37,42,42,44,39,49,10,59,72,80,84,74,77,55,54,11,0
572,2011,1139,1196,41,58,48,54,57,46,38,46,8,10,17,16,19,18,18,16,14,2,1
573,2011,1112,1163,19,15,33,25,23,22,23,24,5,11,10,14,17,10,14,13,8,3,0
574,2011,1246,1314,14,16,6,7,15,12,10,18,4,8,9,12,14,14,15,9,13,2,1
575,2011,1242,1433,1,2,3,3,2,2,2,3,1,59,72,80,84,74,77,55,54,11,0
576,2011,1139,1433,41,58,48,54,57,46,38,46,8,59,72,80,84,74,77,55,54,11,1
577,2011,1163,1246,11,10,14,17,10,14,13,8,3,14,16,6,7,15,12,10,18,4,1
578,2011,1139,1163,41,58,48,54,57,46,38,46,8,11,10,14,17,10,14,13,8,3,0
579,2012,1140,1233,45,53,49,48,47,39,49,40,14,60,61,63,60,79,52,50,53,14,1
580,2012,1290,1443,163,174,284,256,224,233,222,152,16,180,189,183,191,181,202,186,188,16,0
581,2012,1143,1378,41,39,38,27,38,31,33,48,12,59,60,47,66,53,70,51,60,12,0
582,2012,1249,1436,129,130,135,103,137,115,102,121,16,149,147,136,118,162,147,137,145,16,0
583,2012,1124,1355,9,9,18,14,9,12,13,10,3,63,69,67,57,90,59,68,56,14,1
584,2012,1160,1424,64,63,68,75,63,80,81,76,11,27,26,37,33,27,24,34,27,6,1
585,2012,1211,1452,24,28,24,32,25,30,28,25,7,47,56,32,42,40,38,37,66,10,1
586,2012,1231,1308,17,12,9,11,10,9,8,11,4,70,75,64,63,74,63,61,77,13,1
587,2012,1163,1235,40,49,28,37,37,37,35,45,9,31,31,33,29,26,32,27,33,8,0
588,2012,1243,1379,36,29,23,22,21,22,22,31,8,30,38,95,74,48,57,65,34,9,1
589,2012,1246,1443,2,1,3,1,1,1,1,1,1,180,189,183,191,181,202,186,188,16,1
590,2012,1172,1257,68,62,76,68,82,71,56,62,13,12,17,13,20,13,18,17,17,4,0
591,2012,1140,1266,45,53,49,48,47,39,49,40,14,10,13,16,18,14,15,14,12,3,0
592,2012,1161,1293,49,66,75,76,58,76,73,54,11,14,11,79,49,23,40,42,4,6,0
593,2012,1253,1307,66,42,58,36,50,41,44,38,12,23,21,17,13,22,16,20,21,5,0
594,2012,1259,1326,89,86,132,128,130,133,127,84,15,8,7,1,2,6,2,2,8,2,0
595,2012,1393,1421,1,2,6,8,2,5,5,2,1,115,110,93,121,143,125,107,122,16,1
596,2012,1433,1455,35,33,55,47,54,50,43,32,12,11,15,10,10,16,10,10,16,5,1
597,2012,1217,1435,33,32,73,39,46,43,47,24,12,21,23,11,16,18,20,15,26,5,0
598,2012,1285,1458,79,84,103,94,98,97,101,81,13,19,14,12,6,11,8,12,15,4,0
599,2012,1153,1400,32,35,21,31,29,34,30,30,6,48,41,43,28,31,27,32,46,11,1
600,2012,1104,1166,34,40,36,30,33,29,25,41,9,13,16,35,35,24,25,21,14,8,0
601,2012,1196,1438,26,27,22,19,17,17,16,29,7,38,37,34,26,32,26,26,35,10,1
602,2012,1199,1382,15,19,15,21,19,21,19,19,3,75,73,51,51,80,61,59,72,14,1
603,2012,1125,1207,65,44,45,23,64,33,36,47,14,18,18,27,12,15,14,18,20,3,0
604,2012,1178,1242,118,124,82,115,126,119,116,111,15,6,6,8,4,7,4,6,6,2,0
605,2012,1181,1250,4,8,14,17,8,11,9,9,2,97,83,113,83,111,92,87,71,15,0
606,2012,1254,1277,103,100,141,164,149,159,144,96,16,5,5,2,3,4,3,3,7,1,0
607,2012,1301,1361,42,48,31,43,41,45,41,52,11,25,22,57,54,34,46,45,22,6,1
608,2012,1281,1313,7,3,7,7,3,7,7,3,2,117,126,236,214,172,182,187,127,15,0
609,2012,1314,1436,3,4,4,5,5,6,4,5,1,149,147,136,118,162,147,137,145,16,1
610,2012,1276,1325,16,10,20,25,12,23,24,13,4,53,50,78,71,71,72,62,43,13,0
611,2012,1345,1388,39,34,19,24,28,28,31,37,10,29,25,44,44,30,35,38,18,7,1
612,2012,1378,1396,59,60,47,66,53,70,51,60,12,22,20,42,34,35,36,29,28,5,1
613,2012,1272,1387,20,24,5,9,20,13,11,23,8,28,30,26,15,42,19,23,49,9,0
614,2012,1323,1462,37,36,29,41,36,42,39,36,7,50,52,60,58,55,55,53,57,10,0
615,2012,1124,1160,9,9,18,14,9,12,13,10,3,64,63,68,75,63,80,81,76,11,1
616,2012,1231,1433,17,12,9,11,10,9,8,11,4,35,33,55,47,54,50,43,32,12,1
617,2012,1235,1246,31,31,33,29,26,32,27,33,8,2,1,3,1,1,1,1,1,1,0
618,2012,1257,1307,12,17,13,20,13,18,17,17,4,23,21,17,13,22,16,20,21,5,1
619,2012,1266,1293,10,13,16,18,14,15,14,12,3,14,11,79,49,23,40,42,4,6,1
620,2012,1211,1326,24,28,24,32,25,30,28,25,7,8,7,1,2,6,2,2,8,2,0
621,2012,1243,1393,36,29,23,22,21,22,22,31,8,1,2,6,8,2,5,5,2,1,0
622,2012,1435,1458,21,23,11,16,18,20,15,26,5,19,14,12,6,11,8,12,15,4,0
623,2012,1153,1199,32,35,21,31,29,34,30,30,6,15,19,15,21,19,21,19,19,3,1
624,2012,1196,1313,26,27,22,19,17,17,16,29,7,117,126,236,214,172,182,187,127,15,1
625,2012,1242,1345,6,6,8,4,7,4,6,6,2,39,34,19,24,28,28,31,37,10,1
626,2012,1277,1387,5,5,2,3,4,3,3,7,1,28,30,26,15,42,19,23,49,9,1
627,2012,1207,1301,18,18,27,12,15,14,18,20,3,42,48,31,43,41,45,41,52,11,0
628,2012,1166,1314,13,16,35,35,24,25,21,14,8,3,4,4,5,5,6,4,5,1,0
629,2012,1325,1378,53,50,78,71,71,72,62,43,13,59,60,47,66,53,70,51,60,12,1
630,2012,1250,1462,97,83,113,83,111,92,87,71,15,50,52,60,58,55,55,53,57,10,0
631,2012,1196,1266,26,27,22,19,17,17,16,29,7,10,13,16,18,14,15,14,12,3,1
632,2012,1257,1277,12,17,13,20,13,18,17,17,4,5,5,2,3,4,3,3,7,1,1
633,2012,1153,1326,32,35,21,31,29,34,30,30,6,8,7,1,2,6,2,2,8,2,0
634,2012,1393,1458,1,2,6,8,2,5,5,2,1,19,14,12,6,11,8,12,15,4,1
635,2012,1124,1462,9,9,18,14,9,12,13,10,3,50,52,60,58,55,55,53,57,10,1
636,2012,1242,1301,6,6,8,4,7,4,6,6,2,42,48,31,43,41,45,41,52,11,1
637,2012,1231,1246,17,12,9,11,10,9,8,11,4,2,1,3,1,1,1,1,1,1,0
638,2012,1314,1325,3,4,4,5,5,6,4,5,1,53,50,78,71,71,72,62,43,13,1
639,2012,1196,1257,26,27,22,19,17,17,16,29,7,12,17,13,20,13,18,17,17,4,0
640,2012,1326,1393,8,7,1,2,6,2,2,8,2,1,2,6,8,2,5,5,2,1,1
641,2012,1242,1314,6,6,8,4,7,4,6,6,2,3,4,4,5,5,6,4,5,1,1
642,2012,1124,1246,9,9,18,14,9,12,13,10,3,2,1,3,1,1,1,1,1,1,0
643,2012,1242,1326,6,6,8,4,7,4,6,6,2,8,7,1,2,6,2,2,8,2,1
644,2012,1246,1257,2,1,3,1,1,1,1,1,1,12,17,13,20,13,18,17,17,4,1
645,2012,1242,1246,6,6,8,4,7,4,6,6,2,2,1,3,1,1,1,1,1,1,0
646,2013,1251,1299,293,278,237,251,296,260,264,299,16,222,221,234,226,246,242,223,219,16,0
647,2013,1292,1388,36,38,51,32,56,53,44,31,11,31,25,21,22,38,34,32,28,11,0
648,2013,1241,1254,179,168,155,179,184,169,183,183,16,173,193,134,185,182,163,182,171,16,1
649,2013,1129,1247,45,47,57,49,45,58,50,43,13,48,55,46,57,54,57,53,44,13,0
650,2013,1112,1125,11,18,42,19,18,23,16,19,6,43,48,61,46,57,50,40,37,11,1
651,2013,1137,1139,52,41,81,62,63,73,61,45,11,20,21,43,52,26,45,42,16,6,0
652,2013,1143,1424,47,51,65,58,48,56,57,55,12,21,35,39,36,29,39,30,25,5,1
653,2013,1161,1281,22,28,40,24,32,36,29,21,8,44,36,17,18,36,16,24,46,9,1
654,2013,1211,1380,5,1,4,4,3,6,5,1,1,184,183,270,170,212,214,180,184,16,1
655,2013,1217,1307,101,88,96,108,116,105,108,92,14,1,6,26,17,12,17,17,3,3,1
656,2013,1257,1299,3,2,1,2,1,1,1,2,1,222,221,234,226,246,242,223,219,16,1
657,2013,1172,1266,75,71,44,59,92,64,68,64,14,18,17,25,25,17,22,21,17,3,0
658,2013,1272,1388,13,13,22,39,22,27,26,12,6,31,25,21,22,38,34,32,28,11,1
659,2013,1276,1355,12,10,13,11,7,11,8,11,4,86,92,98,102,120,93,110,76,13,1
660,2013,1277,1434,10,8,8,10,9,8,10,10,3,56,59,67,66,73,65,64,53,14,1
661,2013,1329,1332,24,23,31,20,20,18,20,22,5,30,30,58,43,33,47,39,33,12,0
662,2013,1308,1387,66,68,83,80,90,79,77,68,13,14,20,10,16,19,15,18,15,4,0
663,2013,1285,1393,91,78,152,145,127,133,138,85,13,16,14,15,13,13,13,12,14,4,0
664,2013,1103,1433,50,46,60,54,59,62,55,52,12,27,31,16,21,27,26,19,27,5,0
665,2013,1338,1455,28,24,12,7,14,10,14,23,8,34,33,35,33,43,42,31,38,9,0
666,2013,1153,1166,41,39,34,40,30,35,36,40,10,23,22,20,15,23,21,15,26,7,0
667,2013,1107,1181,120,117,161,147,149,167,143,109,15,2,3,7,6,5,7,4,5,2,0
668,2013,1195,1207,115,120,110,126,146,126,124,113,15,9,9,11,12,8,9,11,7,2,1
669,2013,1196,1322,15,15,6,1,10,3,3,18,3,104,104,179,133,128,138,127,86,14,1
670,2013,1160,1228,42,43,62,50,42,52,41,51,10,38,29,33,42,34,44,43,34,7,0
671,2013,1231,1241,7,4,2,3,2,2,2,6,1,179,168,155,179,184,169,183,183,16,1
672,2013,1235,1323,49,44,36,37,39,33,37,48,10,26,19,19,31,21,24,28,24,7,1
673,2013,1242,1443,4,7,5,8,4,4,6,4,1,146,167,181,183,166,182,169,166,16,1
674,2013,1243,1247,17,11,27,30,16,20,25,13,4,48,55,46,57,54,57,53,44,13,0
675,2013,1274,1334,6,12,14,14,11,14,9,9,2,103,97,160,121,113,130,114,103,15,1
676,2013,1278,1417,35,37,30,23,24,30,23,39,11,19,27,56,44,31,41,34,30,6,1
677,2013,1279,1458,37,34,29,34,40,28,33,42,12,29,16,9,9,15,12,13,20,5,1
678,2013,1314,1437,25,26,18,28,25,19,22,29,8,54,53,32,45,46,40,52,54,9,1
679,2013,1233,1326,119,115,90,96,119,98,90,106,15,8,5,3,5,6,5,7,8,2,0
680,2013,1328,1361,46,52,49,51,44,43,49,50,10,33,42,47,26,35,32,35,32,7,0
681,2013,1301,1396,32,32,24,35,28,25,27,36,8,40,45,52,68,47,55,58,35,9,0
682,2013,1112,1217,11,18,42,19,18,23,16,19,6,101,88,96,108,116,105,108,92,14,1
683,2013,1161,1257,22,28,40,24,32,36,29,21,8,3,2,1,2,1,1,1,2,1,0
684,2013,1139,1266,20,21,43,52,26,45,42,16,6,18,17,25,25,17,22,21,17,3,0
685,2013,1276,1433,12,10,13,11,7,11,8,11,4,27,31,16,21,27,26,19,27,5,1
686,2013,1272,1277,13,13,22,39,22,27,26,12,6,10,8,8,10,9,8,10,10,3,0
687,2013,1332,1387,30,30,58,43,33,47,39,33,12,14,20,10,16,19,15,18,15,4,1
688,2013,1143,1393,47,51,65,58,48,56,57,55,12,16,14,15,13,13,13,12,14,4,0
689,2013,1211,1455,5,1,4,4,3,6,5,1,1,34,33,35,33,43,42,31,38,9,0
690,2013,1166,1181,23,22,20,15,23,21,15,26,7,2,3,7,6,5,7,4,5,2,0
691,2013,1195,1361,115,120,110,126,146,126,124,113,15,33,42,47,26,35,32,35,32,7,1
692,2013,1196,1278,15,15,6,1,10,3,3,18,3,35,37,30,23,24,30,23,39,11,1
693,2013,1231,1396,7,4,2,3,2,2,2,6,1,40,45,52,68,47,55,58,35,9,1
694,2013,1242,1314,4,7,5,8,4,4,6,4,1,25,26,18,28,25,19,22,29,8,1
695,2013,1247,1279,48,55,46,57,54,57,53,44,13,37,34,29,34,40,28,33,42,12,1
696,2013,1228,1274,38,29,33,42,34,44,43,34,7,6,12,14,14,11,14,9,9,2,0
697,2013,1235,1326,49,44,36,37,39,33,37,48,10,8,5,3,5,6,5,7,8,2,0
698,2013,1266,1274,18,17,25,25,17,22,21,17,3,6,12,14,14,11,14,9,9,2,1
699,2013,1112,1326,11,18,42,19,18,23,16,19,6,8,5,3,5,6,5,7,8,2,0
700,2013,1231,1393,7,4,2,3,2,2,2,6,1,16,14,15,13,13,13,12,14,4,0
701,2013,1247,1455,48,55,46,57,54,57,53,44,13,34,33,35,33,43,42,31,38,9,0
702,2013,1181,1277,2,3,7,6,5,7,4,5,2,10,8,8,10,9,8,10,10,3,1
703,2013,1195,1196,115,120,110,126,146,126,124,113,15,15,15,6,1,10,3,3,18,3,0
704,2013,1257,1332,3,2,1,2,1,1,1,2,1,30,30,58,43,33,47,39,33,12,1
705,2013,1242,1276,4,7,5,8,4,4,6,4,1,12,10,13,11,7,11,8,11,4,0
706,2013,1266,1393,18,17,25,25,17,22,21,17,3,16,14,15,13,13,13,12,14,4,0
707,2013,1326,1455,8,5,3,5,6,5,7,8,2,34,33,35,33,43,42,31,38,9,0
708,2013,1181,1257,2,3,7,6,5,7,4,5,2,3,2,1,2,1,1,1,2,1,0
709,2013,1196,1276,15,15,6,1,10,3,3,18,3,12,10,13,11,7,11,8,11,4,0
710,2013,1257,1455,3,2,1,2,1,1,1,2,1,34,33,35,33,43,42,31,38,9,1
711,2013,1276,1393,12,10,13,11,7,11,8,11,4,16,14,15,13,13,13,12,14,4,1
712,2013,1257,1276,3,2,1,2,1,1,1,2,1,12,10,13,11,7,11,8,11,4,1
713,2014,1107,1291,211,187,157,177,224,185,196,201,16,220,223,186,188,229,215,219,203,16,1
714,2014,1301,1462,58,54,38,54,53,67,66,60,12,44,42,50,56,39,48,38,48,12,1
715,2014,1142,1411,230,196,212,166,187,175,187,220,16,239,254,274,250,269,254,251,239,16,1
716,2014,1234,1397,52,41,22,27,31,17,24,50,11,48,53,15,11,33,25,25,53,11,0
717,2014,1163,1386,26,18,16,26,24,24,29,20,7,34,39,35,49,52,56,51,36,10,1
718,2014,1173,1326,40,56,56,51,56,58,54,44,11,21,19,14,20,20,14,19,30,6,1
719,2014,1107,1196,211,187,157,177,224,185,196,201,16,1,1,2,3,2,3,3,2,1,0
720,2014,1153,1217,19,15,25,24,17,28,28,14,5,47,36,37,33,62,35,39,34,12,0
721,2014,1257,1264,16,13,1,2,8,2,2,11,4,65,69,83,66,97,74,75,65,13,1
722,2014,1276,1459,13,8,7,15,15,10,13,10,2,181,193,165,181,214,192,188,180,15,1
723,2014,1174,1277,80,75,119,103,111,106,98,72,13,12,11,5,10,12,8,10,16,4,0
724,2014,1295,1328,55,59,60,53,77,65,63,45,12,18,21,29,29,21,26,26,23,5,1
725,2014,1140,1332,45,51,48,45,54,42,50,49,10,27,29,32,30,22,30,23,32,7,0
726,2014,1160,1338,32,31,72,63,32,55,47,35,8,31,23,18,16,18,20,17,31,9,0
727,2014,1308,1361,88,87,102,72,95,79,74,79,13,11,10,30,21,16,22,22,6,4,0
728,2014,1301,1387,58,54,38,54,53,67,66,60,12,23,30,49,34,34,36,35,18,5,0
729,2014,1393,1444,8,9,21,14,5,19,18,5,3,72,88,116,113,100,123,111,69,14,1
730,2014,1113,1400,39,40,59,47,35,37,34,42,10,30,24,55,37,28,39,36,26,7,0
731,2014,1437,1454,4,4,6,7,4,4,5,4,2,130,127,172,168,145,165,154,127,15,1
732,2014,1110,1458,150,139,124,97,170,117,127,143,15,7,7,9,13,13,9,9,13,2,0
733,2014,1112,1451,2,3,4,1,3,1,1,3,1,163,169,177,171,175,171,167,170,16,1
734,2014,1124,1304,28,26,27,31,25,29,30,27,6,51,44,31,46,46,54,53,52,11,1
735,2014,1166,1418,10,16,10,9,11,11,6,12,3,106,111,125,115,139,119,113,118,14,1
736,2014,1211,1329,20,22,24,19,29,21,20,24,8,37,37,23,22,26,16,15,39,9,1
737,2014,1235,1300,6,5,20,23,10,13,14,9,3,98,81,92,74,123,83,96,74,14,1
738,2014,1184,1242,114,125,146,124,140,143,129,107,15,5,12,13,8,6,6,4,8,2,0
739,2014,1243,1246,42,49,53,43,41,40,49,47,9,22,25,26,17,19,18,16,33,8,0
740,2014,1203,1272,33,34,57,41,43,46,46,29,9,35,28,39,40,37,41,43,37,8,0
741,2014,1181,1273,14,14,8,6,9,7,8,15,3,93,100,94,95,124,89,97,90,14,0
742,2014,1314,1344,29,27,19,25,23,27,27,28,6,36,35,33,48,42,45,45,38,11,1
743,2014,1372,1433,49,43,113,55,73,82,72,22,12,24,32,17,12,30,23,21,21,5,1
744,2014,1307,1390,17,20,28,28,27,31,31,19,7,38,38,41,36,36,33,32,41,10,0
745,2014,1269,1397,25,33,64,50,40,47,40,25,6,48,53,15,11,33,25,25,53,11,0
746,2014,1409,1417,82,101,67,65,99,71,83,86,13,15,17,11,18,14,15,12,17,4,0
747,2014,1157,1438,188,208,200,222,221,224,210,206,16,9,6,3,4,7,5,7,7,1,0
748,2014,1142,1455,230,196,212,166,187,175,187,220,16,3,2,12,5,1,12,11,1,1,0
749,2014,1163,1437,26,18,16,26,24,24,29,20,7,4,4,6,7,4,4,5,4,2,1
750,2014,1173,1393,40,56,56,51,56,58,54,44,11,8,9,21,14,5,19,18,5,3,1
751,2014,1196,1338,1,1,2,3,2,3,3,2,1,31,23,18,16,18,20,17,31,9,1
752,2014,1257,1387,16,13,1,2,8,2,2,11,4,23,30,49,34,34,36,35,18,5,1
753,2014,1276,1400,13,8,7,15,15,10,13,10,2,30,24,55,37,28,39,36,26,7,1
754,2014,1217,1277,47,36,37,33,62,35,39,34,12,12,11,5,10,12,8,10,16,4,0
755,2014,1295,1361,55,59,60,53,77,65,63,45,12,11,10,30,21,16,22,22,6,4,0
756,2014,1332,1458,27,29,32,30,22,30,23,32,7,7,7,9,13,13,9,9,13,2,0
757,2014,1112,1211,2,3,4,1,3,1,1,3,1,20,22,24,19,29,21,20,24,8,1
758,2014,1124,1166,28,26,27,31,25,29,30,27,6,10,16,10,9,11,11,6,12,3,1
759,2014,1235,1314,6,5,20,23,10,13,14,9,3,29,27,19,25,23,27,27,28,6,1
760,2014,1246,1455,22,25,26,17,19,18,16,33,8,3,2,12,5,1,12,11,1,1,1
761,2014,1242,1390,5,12,13,8,6,6,4,8,2,38,38,41,36,36,33,32,41,10,0
762,2014,1273,1397,93,100,94,95,124,89,97,90,14,48,53,15,11,33,25,25,53,11,0
763,2014,1372,1417,49,43,113,55,73,82,72,22,12,15,17,11,18,14,15,12,17,4,0
764,2014,1272,1438,35,28,39,40,37,41,43,37,8,9,6,3,4,7,5,7,7,1,0
765,2014,1112,1361,2,3,4,1,3,1,1,3,1,11,10,30,21,16,22,22,6,4,1
766,2014,1173,1390,40,56,56,51,56,58,54,44,11,38,38,41,36,36,33,32,41,10,1
767,2014,1196,1417,1,1,2,3,2,3,3,2,1,15,17,11,18,14,15,12,17,4,1
768,2014,1124,1458,28,26,27,31,25,29,30,27,6,7,7,9,13,13,9,9,13,2,0
769,2014,1163,1235,26,18,16,26,24,24,29,20,7,6,5,20,23,10,13,14,9,3,1
770,2014,1246,1257,22,25,26,17,19,18,16,33,8,16,13,1,2,8,2,2,11,4,1
771,2014,1276,1397,13,8,7,15,15,10,13,10,2,48,53,15,11,33,25,25,53,11,1
772,2014,1277,1438,12,11,5,10,12,8,10,16,4,9,6,3,4,7,5,7,7,1,1
773,2014,1173,1196,40,56,56,51,56,58,54,44,11,1,1,2,3,2,3,3,2,1,0
774,2014,1112,1458,2,3,4,1,3,1,1,3,1,7,7,9,13,13,9,9,13,2,0
775,2014,1163,1277,26,18,16,26,24,24,29,20,7,12,11,5,10,12,8,10,16,4,1
776,2014,1246,1276,22,25,26,17,19,18,16,33,8,13,8,7,15,15,10,13,10,2,1
777,2014,1163,1196,26,18,16,26,24,24,29,20,7,1,1,2,3,2,3,3,2,1,1
778,2014,1246,1458,22,25,26,17,19,18,16,33,8,7,7,9,13,13,9,9,13,2,1
779,2014,1163,1246,26,18,16,26,24,24,29,20,7,22,25,26,17,19,18,16,33,8,1
780,2015,1214,1264,257,267,241,250,290,266,249,252,16,158,154,100,146,165,159,155,165,16,1
781,2015,1140,1279,37,36,28,31,40,36,31,41,11,54,55,50,44,45,51,45,61,11,0
782,2015,1129,1173,48,49,48,39,54,45,56,39,11,28,41,62,40,44,48,43,36,11,0
783,2015,1316,1352,161,143,141,127,152,143,137,147,16,164,197,165,173,189,183,176,173,16,0
784,2015,1112,1411,6,7,1,2,6,4,2,7,2,153,150,266,207,197,204,203,132,15,1
785,2015,1116,1459,18,19,24,29,22,25,23,18,5,62,54,118,90,93,92,91,42,12,1
786,2015,1139,1400,27,22,25,23,23,20,20,27,6,38,32,20,20,25,21,22,37,11,1
787,2015,1153,1345,43,59,51,34,52,50,50,52,8,46,42,33,49,36,33,41,46,9,1
788,2015,1186,1207,95,94,184,136,128,124,130,71,13,22,21,26,22,20,23,18,26,4,0
789,2015,1124,1209,12,15,18,15,14,14,14,16,3,91,93,91,71,112,78,80,74,14,0
790,2015,1214,1246,257,267,241,250,290,266,249,252,16,1,1,2,1,1,1,1,1,1,0
791,2015,1261,1301,39,44,47,43,38,43,37,45,9,40,40,22,38,32,32,33,40,8,0
792,2015,1217,1314,63,69,77,78,96,85,81,67,13,14,13,7,16,11,9,9,15,4,0
793,2015,1318,1323,97,99,139,120,129,123,119,97,14,9,8,8,10,8,8,11,8,3,0
794,2015,1326,1433,34,27,16,21,26,17,17,33,10,21,25,41,30,31,31,30,22,7,1
795,2015,1235,1412,10,11,11,13,10,11,12,12,3,139,148,129,121,135,144,148,148,14,0
796,2015,1374,1417,16,23,23,19,27,29,32,19,6,51,45,27,41,41,47,42,50,11,0
797,2015,1372,1428,42,39,70,35,47,41,53,24,12,23,20,10,8,17,12,10,20,5,0
798,2015,1248,1437,130,161,192,195,168,176,166,138,16,2,2,4,5,2,6,4,2,1,0
799,2015,1279,1462,54,55,50,44,45,51,45,61,11,33,35,32,26,30,26,24,35,6,0
800,2015,1173,1344,28,41,62,40,44,48,43,36,11,24,28,21,28,24,28,26,23,6,1
801,2015,1181,1352,5,5,5,7,5,5,5,4,1,164,197,165,173,189,183,176,173,16,1
802,2015,1211,1295,8,6,9,6,7,7,7,6,2,114,120,159,151,151,154,164,107,15,1
803,2015,1172,1234,31,31,37,32,37,30,29,29,10,36,29,17,24,29,24,25,34,7,0
804,2015,1242,1308,7,9,15,11,9,10,8,9,2,126,132,111,88,124,106,114,118,15,1
805,2015,1257,1414,15,14,13,18,12,15,15,13,4,107,112,103,94,113,97,103,103,13,1
806,2015,1268,1434,11,10,30,33,15,27,27,11,4,47,48,85,63,76,67,72,43,13,1
807,2015,1208,1277,35,33,39,36,35,37,35,38,10,26,24,14,17,19,16,16,25,7,0
808,2015,1320,1461,13,12,31,12,18,22,28,10,5,67,66,97,102,78,98,106,57,12,1
809,2015,1107,1328,101,103,145,132,140,130,132,94,14,19,17,12,9,13,13,13,17,3,0
810,2015,1329,1332,45,38,56,37,34,34,34,44,9,25,26,43,46,33,44,38,28,8,0
811,2015,1361,1385,30,37,40,27,39,35,39,30,8,29,30,53,42,28,38,40,32,9,1
812,2015,1125,1438,120,130,131,149,148,150,136,115,15,4,3,6,4,4,3,6,3,2,0
813,2015,1138,1452,55,58,71,54,79,59,57,51,12,20,18,29,25,16,19,19,21,5,0
814,2015,1231,1455,53,46,36,53,42,40,46,53,10,17,16,19,14,21,18,21,14,7,0
815,2015,1157,1458,144,147,164,148,154,145,134,124,16,3,4,3,3,3,2,3,5,1,0
816,2015,1112,1326,6,7,1,2,6,4,2,7,2,34,27,16,21,26,17,17,33,10,1
817,2015,1153,1246,43,59,51,34,52,50,50,52,8,1,1,2,1,1,1,1,1,1,0
818,2015,1301,1437,40,40,22,38,32,32,33,40,8,2,2,4,5,2,6,4,2,1,1
819,2015,1116,1314,18,19,24,29,22,25,23,18,5,14,13,7,16,11,9,9,15,4,0
820,2015,1139,1323,27,22,25,23,23,20,20,27,6,9,8,8,10,8,8,11,8,3,0
821,2015,1412,1417,139,148,129,121,135,144,148,148,14,51,45,27,41,41,47,42,50,11,0
822,2015,1207,1428,22,21,26,22,20,23,18,26,4,23,20,10,8,17,12,10,20,5,0
823,2015,1209,1462,91,93,91,71,112,78,80,74,14,33,35,32,26,30,26,24,35,6,0
824,2015,1181,1361,5,5,5,7,5,5,5,4,1,30,37,40,27,39,35,39,30,8,1
825,2015,1211,1234,8,6,9,6,7,7,7,6,2,36,29,17,24,29,24,25,34,7,1
826,2015,1257,1320,15,14,13,18,12,15,15,13,4,13,12,31,12,18,22,28,10,5,1
827,2015,1277,1438,26,24,14,17,19,16,16,25,7,4,3,6,4,4,3,6,3,2,1
828,2015,1173,1328,28,41,62,40,44,48,43,36,11,19,17,12,9,13,13,13,17,3,0
829,2015,1268,1452,11,10,30,33,15,27,27,11,4,20,18,29,25,16,19,19,21,5,0
830,2015,1242,1455,7,9,15,11,9,10,8,9,2,17,16,19,14,21,18,21,14,7,0
831,2015,1332,1458,25,26,43,46,33,44,38,28,8,3,4,3,3,3,2,3,5,1,0
832,2015,1112,1462,6,7,1,2,6,4,2,7,2,33,35,32,26,30,26,24,35,6,1
833,2015,1246,1452,1,1,2,1,1,1,1,1,1,20,18,29,25,16,19,19,21,5,1
834,2015,1323,1455,9,8,8,10,8,8,11,8,3,17,16,19,14,21,18,21,14,7,1
835,2015,1314,1458,14,13,7,16,11,9,9,15,4,3,4,3,3,3,2,3,5,1,0
836,2015,1181,1428,5,5,5,7,5,5,5,4,1,23,20,10,8,17,12,10,20,5,1
837,2015,1211,1417,8,6,9,6,7,7,7,6,2,51,45,27,41,41,47,42,50,11,1
838,2015,1257,1301,15,14,13,18,12,15,15,13,4,40,40,22,38,32,32,33,40,8,1
839,2015,1277,1328,26,24,14,17,19,16,16,25,7,19,17,12,9,13,13,13,17,3,1
840,2015,1246,1323,1,1,2,1,1,1,1,1,1,9,8,8,10,8,8,11,8,3,1
841,2015,1112,1458,6,7,1,2,6,4,2,7,2,3,4,3,3,3,2,3,5,1,0
842,2015,1181,1211,5,5,5,7,5,5,5,4,1,8,6,9,6,7,7,7,6,2,1
843,2015,1257,1277,15,14,13,18,12,15,15,13,4,26,24,14,17,19,16,16,25,7,0
844,2015,1181,1277,5,5,5,7,5,5,5,4,1,26,24,14,17,19,16,16,25,7,1
845,2015,1246,1458,1,1,2,1,1,1,1,1,1,3,4,3,3,3,2,3,5,1,0
846,2015,1181,1458,5,5,5,7,5,5,5,4,1,3,4,3,3,3,2,3,5,1,1
847,2016,1192,1195,224,243,247,263,258,266,256,226,16,182,194,199,174,195,181,184,206,16,0
848,2016,1435,1455,57,51,25,27,44,23,25,66,11,45,49,15,12,46,25,27,48,11,0
849,2016,1221,1380,260,269,228,268,284,268,287,251,16,206,203,282,226,248,242,230,196,16,1
850,2016,1276,1409,49,35,43,56,43,37,51,45,11,65,60,71,58,63,66,64,74,11,1
851,2016,1114,1345,46,37,109,47,74,71,66,29,12,19,12,6,10,14,9,9,20,5,1
852,2016,1139,1403,35,39,31,40,27,30,32,30,9,33,36,55,42,30,46,39,31,8,1
853,2016,1160,1163,30,40,50,55,31,49,50,32,8,40,33,27,25,33,28,29,41,9,0
854,2016,1181,1423,20,18,19,22,18,16,14,27,4,48,66,104,74,81,89,77,53,13,1
855,2016,1211,1371,39,27,22,28,39,22,28,38,11,15,20,29,26,17,29,26,12,6,1
856,2016,1151,1231,52,54,123,107,90,109,96,33,12,24,19,9,14,20,11,15,24,5,0
857,2016,1233,1235,101,99,80,72,114,97,103,97,13,25,21,28,18,16,21,19,16,4,0
858,2016,1122,1242,210,209,229,211,218,218,211,191,16,1,1,2,1,1,1,1,1,1,0
859,2016,1246,1392,12,14,5,7,15,8,8,19,4,84,87,105,91,105,96,93,72,13,1
860,2016,1138,1274,106,129,112,130,120,133,131,110,14,9,10,16,13,10,13,11,11,3,0
861,2016,1195,1314,182,194,199,174,195,181,184,206,16,4,2,3,4,4,3,3,7,1,0
862,2016,1344,1425,28,29,45,46,28,44,46,22,9,42,43,48,49,35,43,43,39,8,1
863,2016,1201,1428,67,73,95,105,83,100,106,68,14,10,11,17,29,11,26,24,10,3,0
864,2016,1214,1438,167,183,236,222,228,235,237,173,16,6,4,4,2,5,4,4,9,1,0
865,2016,1112,1455,16,23,8,16,13,12,17,13,6,45,49,15,12,46,25,27,48,11,0
866,2016,1124,1463,26,22,24,24,19,24,23,17,5,75,57,52,38,82,56,53,55,12,0
867,2016,1143,1218,21,26,23,21,23,27,22,21,4,51,52,86,61,58,69,72,40,13,0
868,2016,1234,1396,31,25,26,20,26,19,21,37,7,58,46,81,86,61,85,81,57,10,1
869,2016,1268,1355,23,15,21,23,22,20,20,18,5,54,75,111,80,88,86,83,52,12,1
870,2016,1277,1292,8,3,1,3,3,2,2,5,2,95,98,116,123,124,116,132,98,15,0
871,2016,1320,1400,87,85,66,77,92,73,87,89,11,27,24,37,30,25,31,30,25,6,1
872,2016,1276,1323,49,35,43,56,43,37,51,45,11,32,28,35,39,29,35,31,34,6,0
873,2016,1167,1328,121,114,132,95,122,114,110,108,15,7,6,13,8,6,7,7,4,2,0
874,2016,1221,1332,260,269,228,268,284,268,287,251,16,3,9,10,9,9,15,13,6,1,0
875,2016,1372,1452,83,80,36,33,101,57,55,62,14,11,7,11,6,8,6,6,8,3,1
876,2016,1153,1386,50,41,34,31,41,32,36,49,9,17,30,40,37,34,41,37,23,8,0
877,2016,1173,1393,18,34,49,54,38,47,42,28,7,61,50,33,41,45,40,40,67,10,0
878,2016,1401,1453,13,17,12,17,21,17,16,26,3,119,109,114,117,129,122,123,112,14,1
879,2016,1333,1433,38,44,64,60,40,58,56,36,7,36,55,32,35,48,39,33,51,10,0
880,2016,1421,1437,142,141,137,116,150,139,117,136,15,2,5,7,5,2,5,5,2,2,0
881,2016,1338,1458,41,38,39,45,32,34,35,44,10,44,42,30,32,36,36,34,47,7,0
882,2016,1451,1462,114,115,188,132,141,135,136,118,15,5,8,14,15,7,14,12,3,2,0
883,2016,1181,1463,20,18,19,22,18,16,14,27,4,75,57,52,38,82,56,53,55,12,1
884,2016,1211,1428,39,27,22,28,39,22,28,38,11,10,11,17,29,11,26,24,10,3,1
885,2016,1231,1246,24,19,9,14,20,11,15,24,5,12,14,5,7,15,8,8,19,4,1
886,2016,1114,1235,46,37,109,47,74,71,66,29,12,25,21,28,18,16,21,19,16,4,0
887,2016,1163,1242,40,33,27,25,33,28,29,41,9,1,1,2,1,1,1,1,1,1,0
888,2016,1274,1455,9,10,16,13,10,13,11,11,3,45,49,15,12,46,25,27,48,11,1
889,2016,1314,1344,4,2,3,4,4,3,3,7,1,28,29,45,46,28,44,46,22,9,1
890,2016,1139,1438,35,39,31,40,27,30,32,30,9,6,4,4,2,5,4,4,9,1,0
891,2016,1218,1268,51,52,86,61,58,69,72,40,13,23,15,21,23,22,20,20,18,5,0
892,2016,1323,1372,32,28,35,39,29,35,31,34,6,83,80,36,33,101,57,55,62,14,1
893,2016,1328,1433,7,6,13,8,6,7,7,4,2,36,55,32,35,48,39,33,51,10,1
894,2016,1332,1386,3,9,10,9,9,15,13,6,1,17,30,40,37,34,41,37,23,8,1
895,2016,1292,1393,95,98,116,123,124,116,132,98,15,61,50,33,41,45,40,40,67,10,0
896,2016,1320,1401,87,85,66,77,92,73,87,89,11,13,17,12,17,21,17,16,26,3,0
897,2016,1234,1437,31,25,26,20,26,19,21,37,7,2,5,7,5,2,5,5,2,2,0
898,2016,1458,1462,44,42,30,32,36,36,34,47,7,5,8,14,15,7,14,12,3,2,1
899,2016,1242,1268,1,1,2,1,1,1,1,1,1,23,15,21,23,22,20,20,18,5,1
900,2016,1328,1401,7,6,13,8,6,7,7,4,2,13,17,12,17,21,17,16,26,3,1
901,2016,1181,1332,20,18,19,22,18,16,14,27,4,3,9,10,9,9,15,13,6,1,0
902,2016,1274,1437,9,10,16,13,10,13,11,11,3,2,5,7,5,2,5,5,2,2,0
903,2016,1231,1314,24,19,9,14,20,11,15,24,5,4,2,3,4,4,3,3,7,1,0
904,2016,1323,1458,32,28,35,39,29,35,31,34,6,44,42,30,32,36,36,34,47,7,1
905,2016,1211,1393,39,27,22,28,39,22,28,38,11,61,50,33,41,45,40,40,67,10,0
906,2016,1235,1438,25,21,28,18,16,21,19,16,4,6,4,4,2,5,4,4,9,1,0
907,2016,1328,1332,7,6,13,8,6,7,7,4,2,3,9,10,9,9,15,13,6,1,1
908,2016,1242,1437,1,1,2,1,1,1,1,1,1,2,5,7,5,2,5,5,2,2,0
909,2016,1314,1323,4,2,3,4,4,3,3,7,1,32,28,35,39,29,35,31,34,6,1
910,2016,1393,1438,61,50,33,41,45,40,40,67,10,6,4,4,2,5,4,4,9,1,1
911,2016,1314,1393,4,2,3,4,4,3,3,7,1,61,50,33,41,45,40,40,67,10,1
912,2016,1328,1437,7,6,13,8,6,7,7,4,2,2,5,7,5,2,5,5,2,2,0
913,2016,1314,1437,4,2,3,4,4,3,3,7,1,2,5,7,5,2,5,5,2,2,0
914,2017,1243,1448,52,35,35,29,39,34,36,50,11,45,39,32,30,38,35,30,39,11,1
915,2017,1291,1309,190,198,165,213,228,216,207,198,16,154,183,217,178,173,208,189,141,16,1
916,2017,1300,1413,178,194,210,152,214,179,160,173,16,169,173,214,218,204,200,215,194,16,0
917,2017,1344,1425,49,49,46,56,43,58,53,45,11,35,41,52,61,41,55,52,31,11,0
918,2017,1112,1315,4,5,21,20,6,18,17,3,2,148,150,156,173,171,176,152,139,15,1
919,2017,1139,1457,15,21,22,26,18,26,22,19,4,70,93,134,112,102,114,98,67,13,1
920,2017,1190,1196,55,67,96,64,78,77,70,55,13,12,18,14,9,15,10,7,15,4,0
921,2017,1195,1199,87,84,102,108,112,113,102,79,14,14,17,17,19,12,20,18,14,3,0
922,2017,1211,1355,5,3,3,1,1,1,2,1,1,185,178,171,187,186,180,191,179,16,1
923,2017,1235,1305,27,15,11,17,21,16,19,23,5,32,47,53,55,58,56,47,41,12,1
924,2017,1278,1292,21,28,36,33,26,33,28,25,5,40,42,65,48,56,60,50,33,12,0
925,2017,1321,1435,39,34,47,39,31,39,39,36,8,46,50,42,34,46,43,34,52,9,1
926,2017,1323,1343,19,13,19,25,16,22,23,17,5,64,63,67,59,93,73,67,59,12,1
927,2017,1345,1436,17,19,13,15,14,12,11,18,4,50,51,71,63,73,75,66,43,13,1
928,2017,1388,1433,18,23,26,14,20,25,25,11,7,30,44,50,52,54,50,43,46,10,1
929,2017,1291,1437,190,198,165,213,228,216,207,198,16,1,1,1,2,2,2,1,2,1,0
930,2017,1423,1438,36,43,79,60,67,68,60,35,12,23,20,10,7,17,9,10,21,5,0
931,2017,1137,1452,78,79,72,80,97,94,76,84,13,20,14,7,5,13,4,8,20,4,0
932,2017,1439,1458,33,30,38,44,30,47,38,29,9,28,24,18,23,22,17,21,24,8,0
933,2017,1268,1462,24,31,44,45,28,42,37,27,6,38,36,29,40,36,32,46,38,11,0
934,2017,1116,1371,26,32,40,38,33,37,32,28,8,41,33,34,53,32,49,45,32,9,1
935,2017,1124,1308,11,8,20,13,10,14,12,12,3,56,73,177,88,81,97,85,57,14,1
936,2017,1153,1243,16,16,23,22,25,21,20,16,6,52,35,35,29,39,34,36,50,11,1
937,2017,1181,1407,8,6,6,12,8,8,9,7,2,155,144,158,130,157,161,133,143,15,1
938,2017,1242,1413,2,2,8,10,3,6,5,5,1,169,173,214,218,204,200,215,194,16,1
939,2017,1246,1297,3,4,2,4,4,5,3,6,2,105,116,157,147,133,153,138,107,15,1
940,2017,1240,1257,181,163,221,158,188,186,184,159,15,10,10,4,6,9,7,6,13,2,0
941,2017,1276,1329,29,26,15,21,24,23,24,26,7,44,27,25,24,27,24,27,37,10,1
942,2017,1274,1277,34,29,37,32,29,28,31,30,8,48,48,41,43,40,36,44,47,9,0
943,2017,1314,1411,6,7,5,3,7,3,4,9,1,152,159,205,207,222,204,197,137,16,1
944,2017,1233,1332,110,124,100,118,134,123,119,110,14,7,12,24,16,11,13,14,8,3,0
945,2017,1166,1348,22,25,27,27,23,27,26,22,6,43,52,31,37,53,48,40,48,11,0
946,2017,1266,1376,47,45,28,28,34,30,29,44,10,37,37,49,31,37,31,33,42,7,0
947,2017,1245,1417,124,121,138,141,141,138,132,136,14,9,9,16,18,5,15,13,4,3,0
948,2017,1374,1425,13,11,9,11,19,19,16,10,6,35,41,52,61,41,55,52,31,11,0
949,2017,1173,1455,31,40,48,36,44,40,35,40,7,25,22,12,8,35,11,15,34,10,0
950,2017,1112,1388,4,5,21,20,6,18,17,3,2,18,23,26,14,20,25,25,11,7,1
951,2017,1139,1292,15,21,22,26,18,26,22,19,4,40,42,65,48,56,60,50,33,12,1
952,2017,1196,1438,12,18,14,9,15,10,7,15,4,23,20,10,7,17,9,10,21,5,1
953,2017,1211,1321,5,3,3,1,1,1,2,1,1,39,34,47,39,31,39,39,36,8,1
954,2017,1235,1345,27,15,11,17,21,16,19,23,5,17,19,13,15,14,12,11,18,4,0
955,2017,1323,1452,19,13,19,25,16,22,23,17,5,20,14,7,5,13,4,8,20,4,0
956,2017,1437,1458,1,1,1,2,2,2,1,2,1,28,24,18,23,22,17,21,24,8,0
957,2017,1199,1462,14,17,17,19,12,20,18,14,3,38,36,29,40,36,32,46,38,11,0
958,2017,1124,1425,11,8,20,13,10,14,12,12,3,35,41,52,61,41,55,52,31,11,1
959,2017,1242,1277,2,2,8,10,3,6,5,5,1,48,48,41,43,40,36,44,47,9,1
960,2017,1246,1455,3,4,2,4,4,5,3,6,2,25,22,12,8,35,11,15,34,10,1
961,2017,1257,1276,10,10,4,6,9,7,6,13,2,29,26,15,21,24,23,24,26,7,0
962,2017,1116,1314,26,32,40,38,33,37,32,28,8,6,7,5,3,7,3,4,9,1,0
963,2017,1332,1348,7,12,24,16,11,13,14,8,3,43,52,31,37,53,48,40,48,11,1
964,2017,1181,1376,8,6,6,12,8,8,9,7,2,37,37,49,31,37,31,33,42,7,0
965,2017,1153,1417,16,16,23,22,25,21,20,16,6,9,9,16,18,5,15,13,4,3,0
966,2017,1211,1452,5,3,3,1,1,1,2,1,1,20,14,7,5,13,4,8,20,4,1
967,2017,1242,1345,2,2,8,10,3,6,5,5,1,17,19,13,15,14,12,11,18,4,1
968,2017,1276,1332,29,26,15,21,24,23,24,26,7,7,12,24,16,11,13,14,8,3,0
969,2017,1112,1462,4,5,21,20,6,18,17,3,2,38,36,29,40,36,32,46,38,11,0
970,2017,1196,1458,12,18,14,9,15,10,7,15,4,28,24,18,23,22,17,21,24,8,1
971,2017,1246,1417,3,4,2,4,4,5,3,6,2,9,9,16,18,5,15,13,4,3,1
972,2017,1139,1314,15,21,22,26,18,26,22,19,4,6,7,5,3,7,3,4,9,1,0
973,2017,1124,1376,11,8,20,13,10,14,12,12,3,37,37,49,31,37,31,33,42,7,0
974,2017,1211,1462,5,3,3,1,1,1,2,1,1,38,36,29,40,36,32,46,38,11,1
975,2017,1242,1332,2,2,8,10,3,6,5,5,1,7,12,24,16,11,13,14,8,3,0
976,2017,1246,1314,3,4,2,4,4,5,3,6,2,6,7,5,3,7,3,4,9,1,0
977,2017,1196,1376,12,18,14,9,15,10,7,15,4,37,37,49,31,37,31,33,42,7,0
978,2017,1211,1376,5,3,3,1,1,1,2,1,1,37,37,49,31,37,31,33,42,7,1
979,2017,1314,1332,6,7,5,3,7,3,4,9,1,7,12,24,16,11,13,14,8,3,1
980,2017,1211,1314,5,3,3,1,1,1,2,1,1,6,7,5,3,7,3,4,9,1,0
981,2018,1254,1347,239,243,205,252,266,256,242,234,16,160,158,165,170,184,191,170,149,16,0
982,2018,1382,1417,32,44,60,69,62,60,59,33,11,35,51,54,48,46,44,44,49,11,1
983,2018,1113,1393,41,60,52,45,45,49,43,60,11,44,53,44,54,49,50,50,58,11,0
984,2018,1300,1411,278,293,310,309,313,295,296,280,16,249,276,256,249,296,242,240,265,16,0
985,2018,1104,1439,46,56,40,51,50,46,45,56,9,47,30,32,32,31,37,30,34,8,1
986,2018,1112,1138,11,19,15,21,20,16,19,19,4,43,72,78,76,79,73,68,55,13,0
987,2018,1181,1233,7,8,3,3,3,3,3,7,2,144,141,111,134,167,126,137,145,15,1
988,2018,1196,1382,33,33,24,23,23,18,23,31,6,32,44,60,69,62,60,59,33,11,1
989,2018,1211,1422,17,12,11,8,11,10,11,10,4,76,78,76,82,93,103,81,70,13,1
990,2018,1222,1361,22,22,19,17,22,20,18,15,6,62,69,49,50,66,52,52,66,11,1
991,2018,1242,1335,4,9,6,9,7,6,8,6,1,103,97,99,127,139,118,119,108,16,1
992,2018,1172,1246,71,80,48,43,76,53,51,73,12,13,18,12,18,18,14,17,20,5,0
993,2018,1260,1274,25,39,61,42,54,62,48,23,11,28,21,33,36,33,32,32,22,6,1
994,2018,1276,1285,15,6,9,10,10,11,12,11,3,78,74,110,71,104,98,88,82,14,1
995,2018,1326,1355,18,13,16,15,19,22,16,21,5,49,48,117,77,69,81,70,38,12,1
996,2018,1328,1348,51,36,36,47,32,36,46,39,10,24,32,35,49,44,45,33,28,7,0
997,2018,1301,1371,48,40,51,41,38,48,41,45,9,30,27,23,26,25,26,26,32,8,0
998,2018,1397,1460,8,11,14,11,12,17,10,12,3,108,105,145,135,146,133,134,111,14,1
999,2018,1372,1403,98,86,150,111,122,120,109,85,14,19,14,10,12,14,13,13,18,3,0
1000,2018,1347,1437,160,158,165,170,184,191,170,149,16,2,2,2,2,2,1,1,2,1,0
1001,2018,1120,1158,12,17,22,16,15,33,14,13,4,73,85,112,120,106,112,110,65,13,1
1002,2018,1116,1139,23,23,30,37,26,31,25,25,7,39,35,27,25,30,28,27,41,10,0
1003,2018,1153,1209,5,7,8,4,5,7,5,3,2,123,110,108,96,137,110,116,123,15,1
1004,2018,1155,1308,16,16,20,19,16,24,20,17,5,37,42,104,55,59,67,67,35,12,1
1005,2018,1199,1281,50,41,29,35,36,34,34,37,9,38,47,38,38,40,43,47,46,8,1
1006,2018,1166,1243,40,31,43,27,28,21,29,36,8,34,25,47,44,24,41,40,27,9,0
1007,2018,1267,1455,93,84,118,114,110,125,102,92,13,14,20,18,20,17,15,21,14,4,1
1008,2018,1137,1277,100,94,64,100,125,91,94,93,14,6,3,5,6,4,4,6,5,3,0
1009,2018,1305,1400,21,26,45,24,35,39,24,24,7,56,38,31,39,29,29,38,44,10,1
1010,2018,1252,1314,117,116,199,165,152,168,152,103,15,9,10,7,7,9,8,7,8,2,0
1011,2018,1168,1345,124,130,130,153,135,171,151,118,15,10,5,4,5,8,5,4,9,2,0
1012,2018,1393,1395,44,53,44,54,49,50,50,58,11,26,24,21,22,21,19,22,26,6,1
1013,2018,1344,1401,36,37,46,64,52,55,60,47,10,27,28,28,30,27,27,28,29,7,0
1014,2018,1420,1438,140,123,155,184,176,189,168,125,16,1,1,1,1,1,2,2,1,1,1
1015,2018,1293,1452,60,63,66,59,73,82,66,42,12,20,15,17,13,13,9,15,16,5,0
1016,2018,1411,1462,249,276,256,249,296,242,240,265,16,3,4,13,14,6,12,9,4,1,0
1017,2018,1181,1348,7,8,3,3,3,3,3,7,2,24,32,35,49,44,45,33,28,7,1
1018,2018,1211,1326,17,12,11,8,11,10,11,10,4,18,13,16,15,19,22,16,21,5,1
1019,2018,1242,1371,4,9,6,9,7,6,8,6,1,30,27,23,26,25,26,26,32,8,1
1020,2018,1138,1246,43,72,78,76,79,73,68,55,13,13,18,12,18,18,14,17,20,5,0
1021,2018,1260,1397,25,39,61,42,54,62,48,23,11,8,11,14,11,12,17,10,12,3,1
1022,2018,1222,1276,22,22,19,17,22,20,18,15,6,15,6,9,10,10,11,12,11,3,0
1023,2018,1196,1403,33,33,24,23,23,18,23,31,6,19,14,10,12,14,13,13,18,3,0
1024,2018,1104,1437,46,56,40,51,50,46,45,56,9,2,2,2,2,2,1,1,2,1,0
1025,2018,1120,1155,12,17,22,16,15,33,14,13,4,16,16,20,19,16,24,20,17,5,0
1026,2018,1199,1462,50,41,29,35,36,34,34,37,9,3,4,13,14,6,12,9,4,1,1
1027,2018,1243,1420,34,25,47,44,24,41,40,27,9,140,123,155,184,176,189,168,125,16,1
1028,2018,1153,1305,5,7,8,4,5,7,5,3,2,21,26,45,24,35,39,24,24,7,0
1029,2018,1139,1345,39,35,27,25,30,28,27,41,10,10,5,4,5,8,5,4,9,2,0
1030,2018,1277,1393,6,3,5,6,4,4,6,5,3,44,53,44,54,49,50,50,58,11,0
1031,2018,1314,1401,9,10,7,7,9,8,7,8,2,27,28,28,30,27,27,28,29,7,0
1032,2018,1267,1452,93,84,118,114,110,125,102,92,13,20,15,17,13,13,9,15,16,5,0
1033,2018,1199,1211,50,41,29,35,36,34,34,37,9,17,12,11,8,11,10,11,10,4,1
1034,2018,1243,1246,34,25,47,44,24,41,40,27,9,13,18,12,18,18,14,17,20,5,1
1035,2018,1260,1305,25,39,61,42,54,62,48,23,11,21,26,45,24,35,39,24,24,7,1
1036,2018,1276,1401,15,6,9,10,10,11,12,11,3,27,28,28,30,27,27,28,29,7,1
1037,2018,1181,1393,7,8,3,3,3,3,3,7,2,44,53,44,54,49,50,50,58,11,1
1038,2018,1155,1242,16,16,20,19,16,24,20,17,5,4,9,6,9,7,6,8,6,1,0
1039,2018,1345,1403,10,5,4,5,8,5,4,9,2,19,14,10,12,14,13,13,18,3,0
1040,2018,1437,1452,2,2,2,2,2,1,1,2,1,20,15,17,13,13,9,15,16,5,1
1041,2018,1243,1260,34,25,47,44,24,41,40,27,9,25,39,61,42,54,62,48,23,11,0
1042,2018,1199,1276,50,41,29,35,36,34,34,37,9,15,6,9,10,10,11,12,11,3,0
1043,2018,1181,1242,7,8,3,3,3,3,3,7,2,4,9,6,9,7,6,8,6,1,0
1044,2018,1403,1437,19,14,10,12,14,13,13,18,3,2,2,2,2,2,1,1,2,1,0
1045,2018,1260,1276,25,39,61,42,54,62,48,23,11,15,6,9,10,10,11,12,11,3,0
1046,2018,1242,1437,4,9,6,9,7,6,8,6,1,2,2,2,2,2,1,1,2,1,0
1047,2018,1276,1437,15,6,9,10,10,11,12,11,3,2,2,2,2,2,1,1,2,1,0
1048,2019,1125,1396,48,49,45,54,69,60,54,35,11,34,50,69,76,51,68,63,39,11,1
1049,2019,1192,1341,195,215,142,208,225,217,199,196,16,183,184,223,209,229,230,195,167,16,1
1050,2019,1113,1385,41,54,56,61,53,52,55,56,11,49,55,80,78,48,66,67,57,11,1
1051,2019,1295,1300,191,191,231,199,202,193,194,199,16,277,289,264,303,322,296,283,293,16,1
1052,2019,1120,1308,17,20,6,13,15,11,11,17,5,35,38,73,49,61,55,52,33,12,1
1053,2019,1124,1393,47,53,53,41,44,44,43,49,9,40,36,32,35,38,32,34,46,8,1
1054,2019,1196,1305,46,46,33,28,33,28,29,48,10,22,22,24,25,32,24,27,23,7,1
1055,2019,1199,1436,12,9,12,14,9,13,12,11,4,71,69,51,80,103,85,81,60,13,1
1056,2019,1192,1211,195,215,142,208,225,217,199,196,16,10,7,2,2,8,5,5,5,1,0
1057,2019,1242,1318,9,12,27,20,12,14,17,15,4,73,95,77,79,94,96,82,70,13,1
1058,2019,1101,1246,112,124,169,145,153,162,140,113,15,6,8,8,7,7,6,8,7,2,0
1059,2019,1261,1463,11,13,22,18,14,20,16,13,3,61,75,94,82,97,94,76,59,14,1
1060,2019,1125,1268,48,49,45,54,69,60,54,35,11,27,21,30,24,19,29,24,27,6,0
1061,2019,1276,1285,8,5,7,5,5,8,6,9,2,105,118,81,137,130,131,136,94,15,1
1062,2019,1133,1277,150,152,164,165,152,157,163,150,15,5,6,5,4,4,4,3,8,2,0
1063,2019,1257,1278,33,27,17,17,24,22,22,30,7,37,29,58,47,29,43,39,38,10,0
1064,2019,1266,1293,24,30,21,27,23,23,26,26,5,44,41,36,52,64,56,53,32,12,0
1065,2019,1330,1345,58,79,104,112,102,111,114,73,14,18,14,13,10,13,10,10,19,3,0
1066,2019,1388,1437,53,56,29,31,55,38,35,51,11,19,28,25,26,22,18,25,24,6,0
1067,2019,1371,1459,43,48,48,55,42,49,51,45,10,25,19,14,19,26,34,23,10,7,0
1068,2019,1113,1138,41,54,56,61,53,52,55,56,11,14,17,18,22,25,26,21,12,6,0
1069,2019,1181,1295,1,2,1,3,2,1,2,2,1,191,191,231,199,202,193,194,199,16,1
1070,2019,1209,1222,64,72,131,111,107,112,103,71,14,7,10,16,15,11,17,14,6,3,0
1071,2019,1153,1234,16,25,20,32,27,27,28,21,7,36,24,34,36,28,42,37,36,10,0
1072,2019,1251,1280,75,63,84,63,88,108,78,55,12,20,23,23,21,20,21,20,25,5,1
1073,2019,1233,1314,211,222,163,197,222,188,200,209,16,4,4,4,6,3,3,4,3,1,0
1074,2019,1235,1326,26,26,15,16,21,15,18,28,6,52,37,42,45,34,41,45,50,11,0
1075,2019,1279,1328,45,47,49,44,45,46,40,53,8,31,35,40,38,31,31,32,43,9,0
1076,2019,1332,1458,51,60,35,43,56,33,41,68,12,21,16,19,12,16,16,15,20,5,1
1077,2019,1159,1397,114,123,105,129,142,137,130,108,15,3,3,10,8,6,7,7,4,2,0
1078,2019,1297,1403,94,99,65,100,119,110,106,98,14,13,11,11,9,10,9,9,14,3,0
1079,2019,1243,1414,15,18,28,23,18,19,19,16,4,50,51,63,75,81,84,77,41,13,0
1080,2019,1416,1433,29,42,47,46,39,39,42,34,9,30,45,41,37,50,51,36,37,8,1
1081,2019,1205,1438,160,137,170,167,186,178,167,148,16,2,1,3,1,1,2,1,1,1,0
1082,2019,1387,1439,82,88,89,104,98,100,97,93,13,23,15,9,11,17,12,13,18,4,0
1083,2019,1429,1449,32,33,38,34,46,45,38,29,8,28,31,55,51,43,50,48,31,9,0
1084,2019,1120,1242,17,20,6,13,15,11,11,17,5,9,12,27,20,12,14,17,15,4,1
1085,2019,1199,1293,12,9,12,14,9,13,12,11,4,44,41,36,52,64,56,53,32,12,1
1086,2019,1124,1211,47,53,53,41,44,44,43,49,9,10,7,2,2,8,5,5,5,1,0
1087,2019,1246,1459,6,8,8,7,7,6,8,7,2,25,19,14,19,26,34,23,10,7,1
1088,2019,1261,1268,11,13,22,18,14,20,16,13,3,27,21,30,24,19,29,24,27,6,1
1089,2019,1196,1276,46,46,33,28,33,28,29,48,10,8,5,7,5,5,8,6,9,2,0
1090,2019,1277,1278,5,6,5,4,4,4,3,8,2,37,29,58,47,29,43,39,38,10,1
1091,2019,1345,1437,18,14,13,10,13,10,10,19,3,19,28,25,26,22,18,25,24,6,1
1092,2019,1181,1416,1,2,1,3,2,1,2,2,1,29,42,47,46,39,39,42,34,9,1
1093,2019,1222,1326,7,10,16,15,11,17,14,6,3,52,37,42,45,34,41,45,50,11,1
1094,2019,1314,1449,4,4,4,6,3,3,4,3,1,28,31,55,51,43,50,48,31,9,1
1095,2019,1332,1414,51,60,35,43,56,33,41,68,12,50,51,63,75,81,84,77,41,13,1
1096,2019,1234,1397,36,24,34,36,28,42,37,36,10,3,3,10,8,6,7,7,4,2,0
1097,2019,1138,1403,14,17,18,22,25,26,21,12,6,13,11,11,9,10,9,9,14,3,0
1098,2019,1328,1438,31,35,40,38,31,31,32,43,9,2,1,3,1,1,2,1,1,1,0
1099,2019,1251,1439,75,63,84,63,88,108,78,55,12,23,15,9,11,17,12,13,18,4,0
1100,2019,1199,1211,12,9,12,14,9,13,12,11,4,10,7,2,2,8,5,5,5,1,0
1101,2019,1345,1397,18,14,13,10,13,10,10,19,3,3,3,10,8,6,7,7,4,2,1
1102,2019,1276,1403,8,5,7,5,5,8,6,9,2,13,11,11,9,10,9,9,14,3,0
1103,2019,1332,1438,51,60,35,43,56,33,41,68,12,2,1,3,1,1,2,1,1,1,0
1104,2019,1120,1314,17,20,6,13,15,11,11,17,5,4,4,4,6,3,3,4,3,1,1
1105,2019,1181,1439,1,2,1,3,2,1,2,2,1,23,15,9,11,17,12,13,18,4,1
1106,2019,1222,1246,7,10,16,15,11,17,14,6,3,6,8,8,7,7,6,8,7,2,0
1107,2019,1261,1277,11,13,22,18,14,20,16,13,3,5,6,5,4,4,4,3,8,2,0
1108,2019,1211,1403,10,7,2,2,8,5,5,5,1,13,11,11,9,10,9,9,14,3,0
1109,2019,1345,1438,18,14,13,10,13,10,10,19,3,2,1,3,1,1,2,1,1,1,0
1110,2019,1120,1246,17,20,6,13,15,11,11,17,5,6,8,8,7,7,6,8,7,2,1
1111,2019,1181,1277,1,2,1,3,2,1,2,2,1,5,6,5,4,4,4,3,8,2,0
1112,2019,1277,1403,5,6,5,4,4,4,3,8,2,13,11,11,9,10,9,9,14,3,0
1113,2019,1120,1438,17,20,6,13,15,11,11,17,5,2,1,3,1,1,2,1,1,1,0
1114,2019,1403,1438,13,11,11,9,10,9,9,14,3,2,1,3,1,1,2,1,1,1,0
